language,llm,embedding,top_k,q_index10,n,EM_mean,F1_mean,ROUGE_L_mean,LEV_SIM_mean,ACC_rouge70,ACC_lev80,gold_score_mean,fact_cons_mean,halluc_rate_mean,groundedness_mean,retrieval_support_mean,lat_total_s_mean,lat_gen_s_mean,lat_ret_s_mean,tok_total_mean,tok_prompt_mean,tok_comp_mean,tps_mean,EM_ci_lo,EM_ci_hi,F1_ci_lo,F1_ci_hi,ROUGE_L_ci_lo,ROUGE_L_ci_hi
ca,deepseek-r1,all-minilm,3,1,1,0.0,0.0,0.0,0.11940298507462688,0.0,0.0,0.0,7.52,0.248,0.752,0.738,43.42949,43.40782,0.02166,675.0,358.0,317.0,9.831328670109812,0.0,0.0,0.0,0.0,0.0,0.0
ca,deepseek-r1,all-minilm,3,2,1,0.0,0.0,0.0,0.07894736842105265,0.0,0.0,8.5,6.8,0.32,0.68,0.626,37.01301,34.95019,2.0628,592.0,356.0,236.0,9.920885394966044,0.0,0.0,0.0,0.0,0.0,0.0
ca,deepseek-r1,all-minilm,3,3,1,0.0,0.0,0.0,0.11340206185567014,0.0,0.0,0.0,7.47,0.253,0.747,0.575,53.77836,51.709900000000005,2.06844,754.0,363.0,391.0,9.65037943909803,0.0,0.0,0.0,0.0,0.0,0.0
ca,deepseek-r1,all-minilm,3,4,1,0.0,0.09523809523809523,0.09523809523809523,0.2584269662921348,0.0,0.0,1.5,7.53,0.247,0.753,0.705,43.46102,41.40503,2.05598,658.0,375.0,283.0,9.35526817332412,0.0,0.0,0.09523809523809523,0.09523809523809523,0.09523809523809523,0.09523809523809523
ca,deepseek-r1,all-minilm,3,5,1,0.0,0.3846153846153846,0.3846153846153846,0.30107526881720426,0.0,0.0,9.5,8.5,0.15,0.85,0.812,47.64343,45.58072,2.06269,689.0,375.0,314.0,9.122198681365264,0.0,0.0,0.3846153846153846,0.3846153846153846,0.3846153846153846,0.3846153846153846
ca,deepseek-r1,all-minilm,3,6,1,0.0,0.7272727272727274,0.7272727272727274,0.6075949367088608,1.0,0.0,9.5,8.1,0.19,0.81,0.791,33.56329,31.50252,2.06076,573.0,371.0,202.0,9.95413087216232,0.0,0.0,0.7272727272727274,0.7272727272727274,0.7272727272727274,0.7272727272727274
ca,deepseek-r1,all-minilm,3,7,1,0.0,0.42105263157894735,0.42105263157894735,0.38181818181818183,0.0,0.0,8.4,7.69,0.231,0.769,0.68,42.58871,40.51475,2.07395,663.0,375.0,288.0,9.810401656851486,0.0,0.0,0.42105263157894735,0.42105263157894735,0.42105263157894735,0.42105263157894735
ca,deepseek-r1,all-minilm,3,8,1,0.0,0.07407407407407407,0.07407407407407407,0.18487394957983194,0.0,0.0,1.5,8.42,0.158,0.842,0.624,82.82450999999999,80.76139,2.0631,1010.0,379.0,631.0,9.063332664063909,0.0,0.0,0.07407407407407407,0.07407407407407407,0.07407407407407407,0.07407407407407407
ca,deepseek-r1,all-minilm,3,9,1,0.0,0.1904761904761905,0.1904761904761905,0.3384615384615385,0.0,0.0,2.5,7.7,0.23,0.77,0.767,76.58655999999999,74.52601,2.0605300000000004,953.0,377.0,576.0,9.090421255518418,0.0,0.0,0.1904761904761905,0.1904761904761905,0.1904761904761905,0.1904761904761905
ca,deepseek-r1,all-minilm,3,10,1,0.0,0.09523809523809525,0.09523809523809525,0.09890109890109888,0.0,0.0,2.5,8.24,0.176,0.824,0.683,32.10757,30.04834,2.05921,566.0,379.0,187.0,9.917095994280752,0.0,0.0,0.09523809523809525,0.09523809523809525,0.09523809523809525,0.09523809523809525
ca,deepseek-r1,mxbai-embed-large,3,1,1,0.0,0.0,0.0,0.15254237288135597,0.0,0.0,0.0,7.74,0.226,0.774,0.711,51.20995,51.15168,0.05825,729.0,357.0,372.0,9.21260273256248,0.0,0.0,0.0,0.0,0.0,0.0
ca,deepseek-r1,mxbai-embed-large,3,2,1,0.0,0.0,0.0,0.06153846153846154,0.0,0.0,2.5,8.42,0.158,0.842,0.701,188.54386,186.42506,2.11879,1935.0,355.0,1580.0,8.995974371500706,0.0,0.0,0.0,0.0,0.0,0.0
ca,deepseek-r1,mxbai-embed-large,3,3,1,0.0,0.0,0.0,0.23076923076923073,0.0,0.0,0.0,8.0,0.2,0.8,0.728,38.12964,36.031589999999994,2.09804,596.0,359.0,237.0,9.390246372488392,0.0,0.0,0.0,0.0,0.0,0.0
ca,deepseek-r1,mxbai-embed-large,3,4,1,0.0,0.0,0.0,0.20833333333333337,0.0,0.0,1.5,7.83,0.217,0.783,0.725,38.73714,36.643730000000005,2.0934,601.0,361.0,240.0,9.285280397825982,0.0,0.0,0.0,0.0,0.0,0.0
ca,deepseek-r1,mxbai-embed-large,3,5,1,0.0,0.5555555555555556,0.5555555555555556,0.265625,0.0,0.0,9.5,9.25,0.075,0.925,0.851,38.24698,36.149629999999995,2.09734,595.0,354.0,241.0,9.502587004395286,0.0,0.0,0.5555555555555556,0.5555555555555556,0.5555555555555556,0.5555555555555556
ca,deepseek-r1,mxbai-embed-large,3,6,1,0.0,0.5714285714285714,0.5714285714285714,0.44859813084112155,0.0,0.0,9.5,9.41,0.059,0.941,0.858,33.44947,31.35728,2.09218,571.0,373.0,198.0,9.623311463029562,0.0,0.0,0.5714285714285714,0.5714285714285714,0.5714285714285714,0.5714285714285714
ca,deepseek-r1,mxbai-embed-large,3,7,1,0.0,0.5555555555555556,0.5555555555555556,0.2807017543859649,0.0,0.0,7.5,8.9,0.11,0.89,0.819,39.92691000000001,37.8322,2.0947,622.0,370.0,252.0,9.317859750326026,0.0,0.0,0.5555555555555556,0.5555555555555556,0.5555555555555556,0.5555555555555556
ca,deepseek-r1,mxbai-embed-large,3,8,1,0.0,0.09523809523809522,0.09523809523809522,0.20481927710843373,0.0,0.0,2.5,7.6,0.24,0.76,0.79,50.94634,48.851330000000004,2.095,720.0,370.0,350.0,9.192883961876635,0.0,0.0,0.09523809523809522,0.09523809523809522,0.09523809523809522,0.09523809523809522
ca,deepseek-r1,mxbai-embed-large,3,9,1,0.0,0.20689655172413796,0.20689655172413796,0.2222222222222222,0.0,0.0,2.5,9.66,0.034,0.966,0.869,35.966860000000004,33.85858,2.10827,595.0,366.0,229.0,9.939772013228945,0.0,0.0,0.20689655172413796,0.20689655172413796,0.20689655172413796,0.20689655172413796
ca,deepseek-r1,mxbai-embed-large,3,10,1,0.0,0.28571428571428575,0.28571428571428575,0.13793103448275867,0.0,0.0,2.5,9.06,0.094,0.906,0.867,46.5644,44.46729,2.0970999999999997,702.0,373.0,329.0,9.778495934825118,0.0,0.0,0.28571428571428575,0.28571428571428575,0.28571428571428575,0.28571428571428575
ca,deepseek-r1,nomic-embed-text,3,1,1,0.0,0.4615384615384615,0.4615384615384615,0.3508771929824561,0.0,0.0,9.5,8.89,0.111,0.889,0.813,37.73253,37.69623,0.03628,633.0,367.0,266.0,9.884708329458729,0.0,0.0,0.4615384615384615,0.4615384615384615,0.4615384615384615,0.4615384615384615
ca,deepseek-r1,nomic-embed-text,3,2,1,0.0,0.0,0.0,0.8571428571428572,0.0,1.0,9.5,7.26,0.274,0.726,0.726,48.98521,46.88096,2.10424,702.0,351.0,351.0,9.729394790425774,0.0,0.0,0.0,0.0,0.0,0.0
ca,deepseek-r1,nomic-embed-text,3,3,1,0.0,0.0,0.0,0.2142857142857143,0.0,0.0,2.5,8.23,0.177,0.823,0.746,51.834050000000005,49.75979,2.07425,735.0,377.0,358.0,9.185931345863004,0.0,0.0,0.0,0.0,0.0,0.0
ca,deepseek-r1,nomic-embed-text,3,4,1,0.0,0.5263157894736842,0.4210526315789474,0.3661971830985915,0.0,0.0,8.5,8.98,0.102,0.898,0.783,57.210370000000005,55.13662,2.07374,788.0,353.0,435.0,9.80949752844636,0.0,0.0,0.5263157894736842,0.5263157894736842,0.4210526315789474,0.4210526315789474
ca,deepseek-r1,nomic-embed-text,3,5,1,0.0,0.625,0.625,0.3695652173913043,0.0,0.0,9.5,9.15,0.085,0.915,0.86,35.488440000000004,33.41914,2.06929,566.0,351.0,215.0,9.491593143645714,0.0,0.0,0.625,0.625,0.625,0.625
ca,deepseek-r1,nomic-embed-text,3,6,1,0.0,0.5517241379310346,0.5517241379310346,0.4363636363636364,0.0,0.0,8.5,9.47,0.053,0.947,0.88,45.270309999999995,43.18946,2.0808299999999997,686.0,384.0,302.0,9.31805542908215,0.0,0.0,0.5517241379310346,0.5517241379310346,0.5517241379310346,0.5517241379310346
ca,deepseek-r1,nomic-embed-text,3,7,1,0.0,0.45454545454545453,0.45454545454545453,0.295774647887324,0.0,0.0,9.5,9.06,0.094,0.906,0.838,31.283240000000003,29.20796,2.07526,561.0,377.0,184.0,9.997546308729587,0.0,0.0,0.45454545454545453,0.45454545454545453,0.45454545454545453,0.45454545454545453
ca,deepseek-r1,nomic-embed-text,3,8,1,0.0,0.3809523809523809,0.3809523809523809,0.35365853658536583,0.0,0.0,8.5,8.59,0.141,0.859,0.777,32.801199999999994,30.69691,2.1042899999999998,571.0,375.0,196.0,9.865740956810162,0.0,0.0,0.3809523809523809,0.3809523809523809,0.3809523809523809,0.3809523809523809
ca,deepseek-r1,nomic-embed-text,3,9,1,0.0,0.11111111111111112,0.11111111111111112,0.20370370370370372,0.0,0.0,2.5,8.53,0.147,0.853,0.862,41.34711,39.24137,2.10573,660.0,381.0,279.0,9.820907480011462,0.0,0.0,0.11111111111111112,0.11111111111111112,0.11111111111111112,0.11111111111111112
ca,deepseek-r1,nomic-embed-text,3,10,1,0.0,0.30769230769230765,0.30769230769230765,0.20408163265306123,0.0,0.0,2.5,9.04,0.096,0.904,0.829,33.898160000000004,31.823610000000002,2.07454,595.0,394.0,201.0,9.62865556878684,0.0,0.0,0.30769230769230765,0.30769230769230765,0.30769230769230765,0.30769230769230765
ca,llama3,all-minilm,3,1,1,1.0,1.0,1.0,1.0,1.0,1.0,10.0,7.24,0.276,0.724,0.738,3.77446,3.75149,0.022949999999999998,365.0,357.0,8.0,14.22252563610246,1.0,1.0,1.0,1.0,1.0,1.0
ca,llama3,all-minilm,3,2,1,0.0,0.0,0.0,0.26086956521739135,0.0,0.0,8.5,7.58,0.242,0.758,0.626,5.92603,3.8708400000000003,2.05517,365.0,355.0,10.0,14.144697711543502,0.0,0.0,0.0,0.0,0.0,0.0
ca,llama3,all-minilm,3,3,1,0.0,0.0,0.0,0.16666666666666663,0.0,0.0,0.0,7.13,0.287,0.713,0.575,6.879479999999999,4.835850000000001,2.0436199999999998,382.0,362.0,20.0,13.809560635018835,0.0,0.0,0.0,0.0,0.0,0.0
ca,llama3,all-minilm,3,4,1,0.0,0.23529411764705882,0.23529411764705882,0.2692307692307693,0.0,0.0,2.5,7.52,0.248,0.752,0.705,6.51766,4.4743699999999995,2.04327,394.0,376.0,18.0,13.774410359580983,0.0,0.0,0.23529411764705882,0.23529411764705882,0.23529411764705882,0.23529411764705882
ca,llama3,all-minilm,3,5,1,0.0,0.5454545454545454,0.5454545454545454,0.3827160493827161,0.0,0.0,9.8,8.55,0.145,0.855,0.812,7.2024300000000006,5.158390000000001,2.04402,404.0,377.0,27.0,13.539747961102009,0.0,0.0,0.5454545454545454,0.5454545454545454,0.5454545454545454,0.5454545454545454
ca,llama3,all-minilm,3,6,1,0.0,0.8888888888888888,0.8888888888888888,0.98,1.0,1.0,10.0,7.76,0.224,0.776,0.791,6.598520000000001,4.54588,2.05263,389.0,372.0,17.0,13.893161262989697,0.0,0.0,0.8888888888888888,0.8888888888888888,0.8888888888888888,0.8888888888888888
ca,llama3,all-minilm,3,7,1,0.0,0.4347826086956522,0.4347826086956522,0.21250000000000002,0.0,0.0,8.5,8.3,0.17,0.83,0.68,7.13363,5.08351,2.05011,401.0,375.0,26.0,13.560160748404048,0.0,0.0,0.4347826086956522,0.4347826086956522,0.4347826086956522,0.4347826086956522
ca,llama3,all-minilm,3,8,1,0.0,0.6666666666666667,0.5333333333333333,0.5192307692307692,0.0,0.0,4.5,7.07,0.293,0.707,0.624,6.453,4.400720000000001,2.05227,396.0,382.0,14.0,13.970124887927168,0.0,0.0,0.6666666666666667,0.6666666666666667,0.5333333333333333,0.5333333333333333
ca,llama3,all-minilm,3,9,1,0.0,0.11764705882352941,0.11764705882352941,0.20454545454545459,0.0,0.0,2.5,7.8,0.22,0.78,0.767,6.03413,3.98801,2.04611,387.0,375.0,12.0,14.283707764861605,0.0,0.0,0.11764705882352941,0.11764705882352941,0.11764705882352941,0.11764705882352941
ca,llama3,all-minilm,3,10,1,0.0,0.30769230769230765,0.30769230769230765,0.14754098360655743,0.0,0.0,9.5,8.31,0.169,0.831,0.683,6.6554899999999995,4.6033800000000005,2.0521,398.0,378.0,20.0,13.75948097036263,0.0,0.0,0.30769230769230765,0.30769230769230765,0.30769230769230765,0.30769230769230765
ca,llama3,mxbai-embed-large,3,1,1,0.0,0.0,0.0,0.19999999999999996,0.0,0.0,1.0,7.76,0.224,0.776,0.711,10.869909999999999,10.81096,0.058929999999999996,364.0,358.0,6.0,15.72544628816566,0.0,0.0,0.0,0.0,0.0,0.0
ca,llama3,mxbai-embed-large,3,2,1,0.0,0.0,0.0,0.26086956521739135,0.0,0.0,8.5,8.5,0.15,0.85,0.701,13.248280000000001,11.15505,2.0932199999999996,364.0,354.0,10.0,15.099818862572926,0.0,0.0,0.0,0.0,0.0,0.0
ca,llama3,mxbai-embed-large,3,3,1,0.0,0.0,0.0,0.2432432432432432,0.0,0.0,0.0,8.11,0.189,0.811,0.728,13.43703,11.34074,2.09628,373.0,360.0,13.0,14.468194789980798,0.0,0.0,0.0,0.0,0.0,0.0
ca,llama3,mxbai-embed-large,3,4,1,0.0,0.39999999999999997,0.26666666666666666,0.13953488372093026,0.0,0.0,1.5,7.53,0.247,0.753,0.725,14.02489,11.918629999999999,2.10625,381.0,362.0,19.0,13.147719822090592,0.0,0.0,0.39999999999999997,0.39999999999999997,0.26666666666666666,0.26666666666666666
ca,llama3,mxbai-embed-large,3,5,1,0.0,0.5454545454545454,0.5454545454545454,0.3827160493827161,0.0,0.0,9.5,9.65,0.035,0.965,0.851,14.8321,12.7375,2.09459,385.0,358.0,27.0,13.407271289579878,0.0,0.0,0.5454545454545454,0.5454545454545454,0.5454545454545454,0.5454545454545454
ca,llama3,mxbai-embed-large,3,6,1,0.0,0.8421052631578948,0.8421052631578948,0.8888888888888888,1.0,1.0,9.5,8.71,0.129,0.871,0.858,13.8862,11.807979999999999,2.07821,393.0,374.0,19.0,14.12972215314358,0.0,0.0,0.8421052631578948,0.8421052631578948,0.8421052631578948,0.8421052631578948
ca,llama3,mxbai-embed-large,3,7,1,0.0,0.5263157894736842,0.5263157894736842,0.2622950819672131,0.0,0.0,8.5,9.04,0.096,0.904,0.819,13.97381,11.86083,2.11296,391.0,371.0,20.0,14.235932247497091,0.0,0.0,0.5263157894736842,0.5263157894736842,0.5263157894736842,0.5263157894736842
ca,llama3,mxbai-embed-large,3,8,1,0.0,0.0,0.0,0.28125,0.0,0.0,1.5,8.1,0.19,0.81,0.79,12.91171,10.82756,2.08413,377.0,371.0,6.0,16.06464842918529,0.0,0.0,0.0,0.0,0.0,0.0
ca,llama3,mxbai-embed-large,3,9,1,0.0,0.35294117647058826,0.35294117647058826,0.43181818181818177,0.0,0.0,2.5,8.99,0.101,0.899,0.869,13.55694,11.46367,2.09327,381.0,366.0,15.0,14.512486398172124,0.0,0.0,0.35294117647058826,0.35294117647058826,0.35294117647058826,0.35294117647058826
ca,llama3,mxbai-embed-large,3,10,1,0.0,0.5,0.5,0.30000000000000004,0.0,0.0,8.5,7.97,0.203,0.797,0.867,13.164280000000002,11.078629999999999,2.08563,383.0,374.0,9.0,15.10972429957614,0.0,0.0,0.5,0.5,0.5,0.5
ca,llama3,nomic-embed-text,3,1,1,1.0,1.0,1.0,1.0,1.0,1.0,1.0,8.11,0.189,0.811,0.813,11.40884,11.37159,0.03723,375.0,367.0,8.0,14.200556590815577,1.0,1.0,1.0,1.0,1.0,1.0
ca,llama3,nomic-embed-text,3,2,1,0.0,0.0,0.0,0.26086956521739135,0.0,0.0,7.5,8.43,0.157,0.843,0.726,13.30814,11.231200000000001,2.07693,361.0,351.0,10.0,13.928073201495764,0.0,0.0,0.0,0.0,0.0,0.0
ca,llama3,nomic-embed-text,3,3,1,0.0,0.0,0.0,0.22448979591836737,0.0,0.0,0.0,7.44,0.256,0.744,0.746,13.5871,11.517520000000001,2.06957,390.0,376.0,14.0,13.576964855929493,0.0,0.0,0.0,0.0,0.0,0.0
ca,llama3,nomic-embed-text,3,4,1,0.0,0.7272727272727273,0.7272727272727273,0.6976744186046512,1.0,0.0,8.5,7.82,0.218,0.782,0.783,13.094190000000001,11.03036,2.06382,363.0,355.0,8.0,14.565342859067565,0.0,0.0,0.7272727272727273,0.7272727272727273,0.7272727272727273,0.7272727272727273
ca,llama3,nomic-embed-text,3,5,1,0.0,0.7142857142857143,0.7142857142857143,0.45945945945945943,1.0,0.0,9.5,9.2,0.08,0.92,0.86,13.966190000000001,11.89482,2.07135,368.0,354.0,14.0,13.058708689591231,0.0,0.0,0.7142857142857143,0.7142857142857143,0.7142857142857143,0.7142857142857143
ca,llama3,nomic-embed-text,3,6,1,0.0,0.8421052631578948,0.8421052631578948,0.8888888888888888,1.0,1.0,9.5,8.97,0.103,0.897,0.88,14.229049999999999,12.17367,2.05537,402.0,383.0,19.0,13.24188718358162,0.0,0.0,0.8421052631578948,0.8421052631578948,0.8421052631578948,0.8421052631578948
ca,llama3,nomic-embed-text,3,7,1,0.0,0.4347826086956522,0.4347826086956522,0.21794871794871795,0.0,0.0,7.5,9.14,0.086,0.914,0.838,14.58157,12.522129999999999,2.05943,403.0,377.0,26.0,12.88840765557535,0.0,0.0,0.4347826086956522,0.4347826086956522,0.4347826086956522,0.4347826086956522
ca,llama3,nomic-embed-text,3,8,1,0.0,0.5,0.5,0.4642857142857143,0.0,0.0,6.5,8.83,0.117,0.883,0.777,13.64257,11.57747,2.06509,392.0,377.0,15.0,13.58061889958599,0.0,0.0,0.5,0.5,0.5,0.5
ca,llama3,nomic-embed-text,3,9,1,0.0,0.10526315789473685,0.10526315789473685,0.2941176470588235,0.0,0.0,1.0,8.18,0.182,0.818,0.862,13.58696,11.48551,2.10144,395.0,381.0,14.0,13.8826114144021,0.0,0.0,0.10526315789473685,0.10526315789473685,0.10526315789473685,0.10526315789473685
ca,llama3,nomic-embed-text,3,10,1,0.0,0.4444444444444444,0.4444444444444444,0.20588235294117652,0.0,0.0,2.0,8.17,0.183,0.817,0.829,13.41494,11.33059,2.08434,405.0,394.0,11.0,14.627467005421073,0.0,0.0,0.4444444444444444,0.4444444444444444,0.4444444444444444,0.4444444444444444
ca,mistral,all-minilm,3,1,1,1.0,1.0,1.0,1.0,1.0,1.0,10.0,7.38,0.262,0.738,0.738,10.82404,10.794319999999999,0.0297,411.0,404.0,7.0,16.5046927557131,1.0,1.0,1.0,1.0,1.0,1.0
ca,mistral,all-minilm,3,2,1,0.0,0.0,0.0,0.26086956521739135,0.0,0.0,8.5,7.58,0.242,0.758,0.626,13.19892,11.14752,2.05138,412.0,401.0,11.0,15.00167814226855,0.0,0.0,0.0,0.0,0.0,0.0
ca,mistral,all-minilm,3,3,1,0.0,0.0,0.0,0.21311475409836067,0.0,0.0,0.0,7.32,0.268,0.732,0.575,14.04733,12.00604,2.04128,433.0,410.0,23.0,14.38143299474646,0.0,0.0,0.0,0.0,0.0,0.0
ca,mistral,all-minilm,3,4,1,0.0,0.13333333333333333,0.13333333333333333,0.22916666666666663,0.0,0.0,4.5,7.25,0.275,0.725,0.705,13.33937,11.285639999999999,2.05371,446.0,432.0,14.0,15.380689083435074,0.0,0.0,0.13333333333333333,0.13333333333333333,0.13333333333333333,0.13333333333333333
ca,mistral,all-minilm,3,5,1,0.0,0.3225806451612903,0.3225806451612903,0.1461538461538462,0.0,0.0,9.5,8.62,0.138,0.862,0.812,15.27377,13.22352,2.05023,470.0,429.0,41.0,14.364550643396983,0.0,0.0,0.3225806451612903,0.3225806451612903,0.3225806451612903,0.3225806451612903
ca,mistral,all-minilm,3,6,1,0.0,0.8421052631578948,0.8421052631578948,0.8888888888888888,1.0,1.0,8.5,8.12,0.188,0.812,0.791,13.86567,11.7901,2.07556,445.0,424.0,21.0,14.823992617934037,0.0,0.0,0.8421052631578948,0.8421052631578948,0.8421052631578948,0.8421052631578948
ca,mistral,all-minilm,3,7,1,0.0,0.3,0.3,0.19718309859154926,0.0,0.0,8.5,8.44,0.156,0.844,0.68,14.223360000000001,12.17591,2.04743,454.0,428.0,26.0,14.521591204473276,0.0,0.0,0.3,0.3,0.3,0.3
ca,mistral,all-minilm,3,8,1,0.0,0.4444444444444444,0.4444444444444444,0.39682539682539686,0.0,0.0,7.5,6.77,0.323,0.677,0.624,13.958770000000001,11.89995,2.05881,459.0,438.0,21.0,13.908936339262008,0.0,0.0,0.4444444444444444,0.4444444444444444,0.4444444444444444,0.4444444444444444
ca,mistral,all-minilm,3,9,1,0.0,0.24,0.24,0.3012048192771084,0.0,0.0,2.5,8.45,0.155,0.845,0.767,14.409030000000001,12.35989,2.04913,453.0,424.0,29.0,14.518954495093343,0.0,0.0,0.24,0.24,0.24,0.24
ca,mistral,all-minilm,3,10,1,0.0,0.21052631578947367,0.21052631578947367,0.1351351351351351,0.0,0.0,2.5,8.26,0.174,0.826,0.683,14.95183,12.89046,2.06136,461.0,429.0,32.0,13.300656944385215,0.0,0.0,0.21052631578947367,0.21052631578947367,0.21052631578947367,0.21052631578947367
ca,mistral,mxbai-embed-large,3,1,1,0.0,0.0,0.0,0.11764705882352944,0.0,0.0,1.5,8.61,0.139,0.861,0.711,12.78763,12.72522,0.06239,441.0,406.0,35.0,13.327415960646809,0.0,0.0,0.0,0.0,0.0,0.0
ca,mistral,mxbai-embed-large,3,2,1,0.0,0.0,0.0,0.26086956521739135,0.0,0.0,8.5,8.5,0.15,0.85,0.701,13.12666,11.01575,2.11089,410.0,399.0,11.0,13.432537097309329,0.0,0.0,0.0,0.0,0.0,0.0
ca,mistral,mxbai-embed-large,3,3,1,0.0,0.0,0.0,0.1470588235294118,0.0,0.0,0.0,8.27,0.173,0.827,0.728,15.25426,13.15123,2.10302,446.0,412.0,34.0,12.471028699945142,0.0,0.0,0.0,0.0,0.0,0.0
ca,mistral,mxbai-embed-large,3,4,1,0.0,0.3,0.2,0.3055555555555556,0.0,0.0,7.5,7.57,0.243,0.757,0.725,13.445409999999999,11.36137,2.0840300000000003,427.0,409.0,18.0,14.407817105248624,0.0,0.0,0.3,0.3,0.2,0.2
ca,mistral,mxbai-embed-large,3,5,1,0.0,0.5,0.5,0.22368421052631582,0.0,0.0,9.5,9.2,0.08,0.92,0.851,13.98493,11.90058,2.08433,430.0,406.0,24.0,13.178356591943006,0.0,0.0,0.5,0.5,0.5,0.5
ca,mistral,mxbai-embed-large,3,6,1,0.0,0.8421052631578948,0.8421052631578948,0.8888888888888888,1.0,1.0,9.5,8.71,0.129,0.871,0.858,13.75648,11.67466,2.0818000000000003,440.0,419.0,21.0,13.449028278887504,0.0,0.0,0.8421052631578948,0.8421052631578948,0.8421052631578948,0.8421052631578948
ca,mistral,mxbai-embed-large,3,7,1,0.0,0.6666666666666666,0.6666666666666666,0.5714285714285714,0.0,0.0,6.5,7.54,0.246,0.754,0.819,12.63786,10.53571,2.10214,431.0,425.0,6.0,14.983323560876745,0.0,0.0,0.6666666666666666,0.6666666666666666,0.6666666666666666,0.6666666666666666
ca,mistral,mxbai-embed-large,3,8,1,0.0,0.08,0.08,0.23711340206185572,0.0,0.0,1.5,9.13,0.087,0.913,0.79,15.10828,12.99725,2.1110300000000004,455.0,417.0,38.0,13.2437525908091,0.0,0.0,0.08,0.08,0.08,0.08
ca,mistral,mxbai-embed-large,3,9,1,0.0,0.15384615384615383,0.15384615384615383,0.2525252525252525,0.0,0.0,2.5,9.24,0.076,0.924,0.869,14.58928,12.509450000000001,2.0798200000000002,443.0,412.0,31.0,13.074025639260809,0.0,0.0,0.15384615384615383,0.15384615384615383,0.15384615384615383,0.15384615384615383
ca,mistral,mxbai-embed-large,3,10,1,0.0,0.3,0.3,0.16666666666666663,0.0,0.0,9.5,9.43,0.057,0.943,0.867,14.92921,12.84529,2.0839000000000003,460.0,424.0,36.0,13.278161098617344,0.0,0.0,0.3,0.3,0.3,0.3
ca,mistral,nomic-embed-text,3,1,1,0.0,0.5,0.5,0.47619047619047616,0.0,0.0,1.0,9.08,0.092,0.908,0.813,11.261370000000001,11.22773,0.03362,434.0,418.0,16.0,13.858635679681194,0.0,0.0,0.5,0.5,0.5,0.5
ca,mistral,nomic-embed-text,3,2,1,0.0,0.0,0.0,0.16129032258064513,0.0,0.0,8.5,8.52,0.148,0.852,0.726,12.890120000000001,10.816870000000002,2.07323,410.0,398.0,12.0,15.626348993409197,0.0,0.0,0.0,0.0,0.0,0.0
ca,mistral,nomic-embed-text,3,3,1,0.0,0.0,0.0,0.20895522388059706,0.0,0.0,0.0,8.4,0.16,0.84,0.746,13.72768,11.6604,2.06726,453.0,430.0,23.0,14.353957098893025,0.0,0.0,0.0,0.0,0.0,0.0
ca,mistral,nomic-embed-text,3,4,1,0.0,0.3870967741935483,0.25806451612903225,0.23076923076923073,0.0,0.0,6.5,8.9,0.11,0.89,0.783,14.978309999999999,12.90158,2.07672,448.0,407.0,41.0,14.391665021570647,0.0,0.0,0.3870967741935483,0.3870967741935483,0.25806451612903225,0.25806451612903225
ca,mistral,nomic-embed-text,3,5,1,0.0,0.39999999999999997,0.39999999999999997,0.18947368421052635,0.0,0.0,9.5,9.19,0.081,0.919,0.86,14.226600000000001,12.1715,2.0550900000000003,431.0,401.0,30.0,14.235137519969523,0.0,0.0,0.39999999999999997,0.39999999999999997,0.39999999999999997,0.39999999999999997
ca,mistral,nomic-embed-text,3,6,1,0.0,0.8421052631578948,0.8421052631578948,0.8888888888888888,1.0,1.0,9.5,8.97,0.103,0.897,0.88,13.64541,11.54332,2.10208,452.0,431.0,21.0,14.525139973932216,0.0,0.0,0.8421052631578948,0.8421052631578948,0.8421052631578948,0.8421052631578948
ca,mistral,nomic-embed-text,3,7,1,0.0,0.3,0.3,0.19718309859154926,0.0,0.0,8.5,8.98,0.102,0.898,0.838,13.89125,11.81051,2.08073,457.0,431.0,26.0,14.763786793202163,0.0,0.0,0.3,0.3,0.3,0.3
ca,mistral,nomic-embed-text,3,8,1,0.0,0.42105263157894735,0.42105263157894735,0.37142857142857144,0.0,0.0,9.5,8.92,0.108,0.892,0.777,14.097299999999999,12.03994,2.05735,458.0,430.0,28.0,14.271739631275334,0.0,0.0,0.42105263157894735,0.42105263157894735,0.42105263157894735,0.42105263157894735
ca,mistral,nomic-embed-text,3,9,1,0.0,0.08695652173913045,0.08695652173913045,0.25,0.0,0.0,1.5,9.27,0.073,0.927,0.862,14.33915,12.2821,2.0570399999999998,466.0,436.0,30.0,13.4823922653493,0.0,0.0,0.08695652173913045,0.08695652173913045,0.08695652173913045,0.08695652173913045
ca,mistral,nomic-embed-text,3,10,1,0.0,0.28571428571428575,0.28571428571428575,0.1923076923076923,0.0,0.0,2.5,9.06,0.094,0.906,0.829,13.74489,11.61259,2.13228,471.0,452.0,19.0,13.890504370793415,0.0,0.0,0.28571428571428575,0.28571428571428575,0.28571428571428575,0.28571428571428575
en,deepseek-r1,all-minilm,3,1,1,0.0,0.0,0.0,0.15094339622641506,0.0,0.0,0.5,7.05,0.295,0.705,0.781,26.13478,26.10576,0.02901,417.0,264.0,153.0,10.073700509752948,0.0,0.0,0.0,0.0,0.0,0.0
en,deepseek-r1,all-minilm,3,2,1,0.0,0.14285714285714288,0.14285714285714288,0.12,0.0,0.0,9.5,8.9,0.11,0.89,0.617,39.482910000000004,37.43568,2.04721,514.0,261.0,253.0,9.53228240058016,0.0,0.0,0.14285714285714288,0.14285714285714288,0.14285714285714288,0.14285714285714288
en,deepseek-r1,all-minilm,3,3,1,0.0,0.0,0.0,0.12345679012345678,0.0,0.0,0.0,6.88,0.312,0.688,0.603,32.22882,30.16368,2.06513,462.0,273.0,189.0,9.817223963114415,0.0,0.0,0.0,0.0,0.0,0.0
en,deepseek-r1,all-minilm,3,4,1,0.0,0.4,0.3,0.3132530120481928,0.0,0.0,7.5,8.07,0.193,0.807,0.652,27.85259,25.79464,2.05794,414.0,269.0,145.0,9.733825912362915,0.0,0.0,0.4,0.4,0.3,0.3
en,deepseek-r1,all-minilm,3,5,1,0.0,0.39999999999999997,0.39999999999999997,0.29591836734693877,0.0,0.0,9.5,8.57,0.143,0.857,0.834,37.2933,35.21911,2.07417,494.0,260.0,234.0,9.6207239669613,0.0,0.0,0.39999999999999997,0.39999999999999997,0.39999999999999997,0.39999999999999997
en,deepseek-r1,all-minilm,3,6,1,0.0,0.5714285714285714,0.5714285714285714,0.48514851485148514,0.0,0.0,8.5,9.25,0.075,0.925,0.759,44.77028,42.69934,2.0709299999999997,581.0,279.0,302.0,9.501050507873936,0.0,0.0,0.5714285714285714,0.5714285714285714,0.5714285714285714,0.5714285714285714
en,deepseek-r1,all-minilm,3,7,1,0.0,0.2857142857142857,0.2857142857142857,0.202247191011236,0.0,0.0,9.5,8.76,0.124,0.876,0.684,33.28682,31.229560000000003,2.05725,470.0,275.0,195.0,9.584962426726095,0.0,0.0,0.2857142857142857,0.2857142857142857,0.2857142857142857,0.2857142857142857
en,deepseek-r1,all-minilm,3,8,1,0.0,0.2857142857142857,0.14285714285714285,0.1428571428571429,0.0,0.0,9.5,8.84,0.116,0.884,0.67,39.7785,37.71075,2.06773,539.0,285.0,254.0,9.502622025947268,0.0,0.0,0.2857142857142857,0.2857142857142857,0.14285714285714285,0.14285714285714285
en,deepseek-r1,all-minilm,3,9,1,0.0,0.3125,0.3125,0.22556390977443608,0.0,0.0,1.5,8.58,0.142,0.858,0.729,46.19496,44.136489999999995,2.05846,595.0,283.0,312.0,9.401308267376402,0.0,0.0,0.3125,0.3125,0.3125,0.3125
en,deepseek-r1,all-minilm,3,10,1,0.0,0.14285714285714285,0.14285714285714285,0.08955223880597019,0.0,0.0,2.5,8.63,0.137,0.863,0.685,38.460440000000006,36.40558,2.05485,538.0,293.0,245.0,9.633748134871956,0.0,0.0,0.14285714285714285,0.14285714285714285,0.14285714285714285,0.14285714285714285
en,deepseek-r1,mxbai-embed-large,3,1,1,0.0,0.42857142857142855,0.42857142857142855,0.32258064516129037,0.0,0.0,2.5,8.61,0.139,0.861,0.767,147.60492000000002,147.54671,0.0582,1533.0,274.0,1259.0,9.190493305254137,0.0,0.0,0.42857142857142855,0.42857142857142855,0.42857142857142855,0.42857142857142855
en,deepseek-r1,mxbai-embed-large,3,2,1,0.0,0.09523809523809523,0.09523809523809523,0.0803571428571429,0.0,0.0,9.5,8.87,0.113,0.887,0.734,28.552130000000002,26.43007,2.12206,421.0,261.0,160.0,10.087611600271655,0.0,0.0,0.09523809523809523,0.09523809523809523,0.09523809523809523,0.09523809523809523
en,deepseek-r1,mxbai-embed-large,3,3,1,0.0,0.10526315789473685,0.10526315789473685,0.17105263157894735,0.0,0.0,8.5,8.07,0.193,0.807,0.73,42.48904,40.387480000000004,2.10155,571.0,273.0,298.0,9.9899893936819,0.0,0.0,0.10526315789473685,0.10526315789473685,0.10526315789473685,0.10526315789473685
en,deepseek-r1,mxbai-embed-large,3,4,1,0.0,0.42105263157894735,0.3157894736842105,0.3125,0.0,0.0,8.5,8.65,0.135,0.865,0.727,32.92378,30.840490000000003,2.08329,468.0,271.0,197.0,9.707086879526395,0.0,0.0,0.42105263157894735,0.42105263157894735,0.3157894736842105,0.3157894736842105
en,deepseek-r1,mxbai-embed-large,3,5,1,0.0,0.47619047619047616,0.47619047619047616,0.381578947368421,0.0,0.0,8.5,9.19,0.081,0.919,0.919,32.0132,29.91588,2.0973,466.0,280.0,186.0,9.598440668291742,0.0,0.0,0.47619047619047616,0.47619047619047616,0.47619047619047616,0.47619047619047616
en,deepseek-r1,mxbai-embed-large,3,6,1,0.0,0.5714285714285714,0.5714285714285714,0.48514851485148514,0.0,0.0,9.5,8.93,0.107,0.893,0.81,40.12124,38.03624,2.08498,540.0,279.0,261.0,9.491874224680256,0.0,0.0,0.5714285714285714,0.5714285714285714,0.5714285714285714,0.5714285714285714
en,deepseek-r1,mxbai-embed-large,3,7,1,0.0,0.39999999999999997,0.39999999999999997,0.2786885245901639,0.0,0.0,7.5,8.72,0.128,0.872,0.765,38.04983,35.94378,2.10604,509.0,274.0,235.0,9.240429208735636,0.0,0.0,0.39999999999999997,0.39999999999999997,0.39999999999999997,0.39999999999999997
en,deepseek-r1,mxbai-embed-large,3,8,1,0.0,0.2857142857142857,0.19047619047619047,0.16049382716049387,0.0,0.0,9.5,8.7,0.13,0.87,0.774,26.817970000000003,24.72937,2.08859,430.0,295.0,135.0,9.547868333368024,0.0,0.0,0.2857142857142857,0.2857142857142857,0.19047619047619047,0.19047619047619047
en,deepseek-r1,mxbai-embed-large,3,9,1,0.0,0.3478260869565218,0.3478260869565218,0.2567567567567568,0.0,0.0,6.5,8.98,0.102,0.898,0.812,124.37039999999999,122.27417999999999,2.0961999999999996,1288.0,285.0,1003.0,8.98111658096331,0.0,0.0,0.3478260869565218,0.3478260869565218,0.3478260869565218,0.3478260869565218
en,deepseek-r1,mxbai-embed-large,3,10,1,0.0,0.21052631578947367,0.21052631578947367,0.11650485436893199,0.0,0.0,8.5,8.7,0.13,0.87,0.801,45.27412,43.187400000000004,2.08671,588.0,280.0,308.0,9.428592402379016,0.0,0.0,0.21052631578947367,0.21052631578947367,0.21052631578947367,0.21052631578947367
en,deepseek-r1,nomic-embed-text,3,1,1,0.0,0.0,0.0,0.16666666666666663,0.0,0.0,0.5,7.74,0.226,0.774,0.793,36.05282,36.01916000000001,0.03364,535.0,280.0,255.0,10.023692944048948,0.0,0.0,0.0,0.0,0.0,0.0
en,deepseek-r1,nomic-embed-text,3,2,1,0.0,0.16666666666666669,0.16666666666666669,0.14516129032258063,0.0,0.0,9.5,8.79,0.121,0.879,0.762,27.19199,25.09879,2.09319,405.0,256.0,149.0,10.179138421464712,0.0,0.0,0.16666666666666669,0.16666666666666669,0.16666666666666669,0.16666666666666669
en,deepseek-r1,nomic-embed-text,3,3,1,0.0,0.0,0.0,0.15625,0.0,0.0,0.0,7.96,0.204,0.796,0.749,34.3023,32.18973,2.1125599999999998,488.0,270.0,218.0,10.093384409253773,0.0,0.0,0.0,0.0,0.0,0.0
en,deepseek-r1,nomic-embed-text,3,4,1,0.0,0.3333333333333333,0.2222222222222222,0.25,0.0,0.0,6.5,8.72,0.128,0.872,0.761,32.3919,30.24784,2.14405,463.0,266.0,197.0,10.016710364353772,0.0,0.0,0.3333333333333333,0.3333333333333333,0.2222222222222222,0.2222222222222222
en,deepseek-r1,nomic-embed-text,3,5,1,0.0,0.4347826086956522,0.4347826086956522,0.30000000000000004,0.0,0.0,8.5,9.11,0.089,0.911,0.905,31.893919999999998,29.78041,2.1135,471.0,279.0,192.0,10.0218216292489,0.0,0.0,0.4347826086956522,0.4347826086956522,0.4347826086956522,0.4347826086956522
en,deepseek-r1,nomic-embed-text,3,6,1,0.0,0.5714285714285714,0.5714285714285714,0.48514851485148514,0.0,0.0,8.5,9.18,0.082,0.918,0.845,45.62418,43.47119,2.15298,604.0,279.0,325.0,9.877594658721993,0.0,0.0,0.5714285714285714,0.5714285714285714,0.5714285714285714,0.5714285714285714
en,deepseek-r1,nomic-embed-text,3,7,1,0.0,0.39999999999999997,0.39999999999999997,0.2786885245901639,0.0,0.0,7.5,8.8,0.12,0.88,0.784,36.40625,34.341300000000004,2.06494,507.0,277.0,230.0,9.668157639495268,0.0,0.0,0.39999999999999997,0.39999999999999997,0.39999999999999997,0.39999999999999997
en,deepseek-r1,nomic-embed-text,3,8,1,0.0,0.25,0.16666666666666666,0.17204301075268813,0.0,0.0,8.5,9.26,0.074,0.926,0.778,31.27422,29.20275,2.07146,467.0,285.0,182.0,9.794835386731773,0.0,0.0,0.25,0.25,0.16666666666666666,0.16666666666666666
en,deepseek-r1,nomic-embed-text,3,9,1,0.0,0.5555555555555556,0.5555555555555556,0.2941176470588235,0.0,0.0,4.2,8.48,0.152,0.848,0.832,55.29014,53.22115,2.06898,688.0,285.0,403.0,9.46497898121747,0.0,0.0,0.5555555555555556,0.5555555555555556,0.5555555555555556,0.5555555555555556
en,deepseek-r1,nomic-embed-text,3,10,1,0.0,0.3636363636363636,0.3636363636363636,0.2222222222222222,0.0,0.0,9.5,8.81,0.119,0.881,0.762,32.5413,30.47174,2.06954,486.0,292.0,194.0,9.759610333572011,0.0,0.0,0.3636363636363636,0.3636363636363636,0.3636363636363636,0.3636363636363636
en,llama3,all-minilm,3,1,1,1.0,1.0,1.0,1.0,1.0,1.0,10.0,7.65,0.235,0.765,0.781,3.6558699999999997,3.6270300000000004,0.028820000000000002,272.0,264.0,8.0,15.074614631609393,1.0,1.0,1.0,1.0,1.0,1.0
en,llama3,all-minilm,3,2,1,0.0,0.5,0.5,0.44999999999999996,0.0,0.0,9.5,7.48,0.252,0.748,0.617,5.46429,3.4004499999999998,2.06383,267.0,261.0,6.0,15.99355140007549,0.0,0.0,0.5,0.5,0.5,0.5
en,llama3,all-minilm,3,3,1,0.0,0.08695652173913043,0.08695652173913043,0.1456310679611651,0.0,0.0,0.0,7.79,0.221,0.779,0.603,6.55297,4.497529999999999,2.0554200000000002,295.0,273.0,22.0,13.965695807466378,0.0,0.0,0.08695652173913043,0.08695652173913043,0.08695652173913043,0.08695652173913043
en,llama3,all-minilm,3,4,1,0.0,0.28571428571428575,0.19047619047619044,0.2584269662921348,0.0,0.0,6.4,8.02,0.198,0.802,0.652,6.43327,4.3793500000000005,2.0539099999999997,288.0,270.0,18.0,14.099997180000564,0.0,0.0,0.28571428571428575,0.28571428571428575,0.19047619047619044,0.19047619047619044
en,llama3,all-minilm,3,5,1,0.0,0.47619047619047616,0.47619047619047616,0.381578947368421,0.0,0.0,9.5,8.54,0.146,0.854,0.834,6.57163,4.5155,2.05612,284.0,261.0,23.0,13.953105190761391,0.0,0.0,0.47619047619047616,0.47619047619047616,0.47619047619047616,0.47619047619047616
en,llama3,all-minilm,3,6,1,0.0,0.8421052631578948,0.8421052631578948,0.8909090909090909,1.0,1.0,8.5,8.3,0.17,0.83,0.759,6.18011,4.11376,2.0663400000000003,295.0,280.0,15.0,14.249165853830917,0.0,0.0,0.8421052631578948,0.8421052631578948,0.8421052631578948,0.8421052631578948
en,llama3,all-minilm,3,7,1,0.0,0.47058823529411764,0.47058823529411764,0.3013698630136986,0.0,0.0,9.5,8.96,0.104,0.896,0.684,6.26824,4.19857,2.06966,293.0,275.0,18.0,14.059784704079023,0.0,0.0,0.47058823529411764,0.47058823529411764,0.47058823529411764,0.47058823529411764
en,llama3,all-minilm,3,8,1,0.0,0.4615384615384615,0.3076923076923077,0.36363636363636365,0.0,0.0,9.5,7.96,0.204,0.796,0.67,5.73112,3.67827,2.05284,296.0,285.0,11.0,14.509871065285711,0.0,0.0,0.4615384615384615,0.4615384615384615,0.3076923076923077,0.3076923076923077
en,llama3,all-minilm,3,9,1,0.0,0.5714285714285714,0.5714285714285714,0.390625,0.0,0.0,2.5,8.42,0.158,0.842,0.729,6.34732,4.286569999999999,2.0607399999999996,298.0,282.0,16.0,14.234506918014844,0.0,0.0,0.5714285714285714,0.5714285714285714,0.5714285714285714,0.5714285714285714
en,llama3,all-minilm,3,10,1,0.0,0.25,0.25,0.15384615384615385,0.0,0.0,1.0,8.67,0.133,0.867,0.685,6.67008,4.63067,2.03941,312.0,291.0,21.0,13.045979685670169,0.0,0.0,0.25,0.25,0.25,0.25
en,llama3,mxbai-embed-large,3,1,1,0.0,0.6,0.6,0.5714285714285714,0.0,0.0,1.0,8.36,0.164,0.836,0.767,11.061770000000001,11.00182,0.05993,284.0,273.0,11.0,14.562093361816787,0.0,0.0,0.6,0.6,0.6,0.6
en,llama3,mxbai-embed-large,3,2,1,0.0,0.4,0.4,0.375,0.0,0.0,9.5,7.9,0.21,0.79,0.734,12.73611,10.6562,2.0799000000000003,268.0,261.0,7.0,15.7381354131654,0.0,0.0,0.4,0.4,0.4,0.4
en,llama3,mxbai-embed-large,3,3,1,0.0,0.125,0.125,0.22807017543859653,0.0,0.0,0.0,7.75,0.225,0.775,0.73,13.25498,11.17501,2.0799600000000003,287.0,273.0,14.0,14.705647556887747,0.0,0.0,0.125,0.125,0.125,0.125
en,llama3,mxbai-embed-large,3,4,1,0.0,0.25,0.16666666666666666,0.2407407407407407,0.0,0.0,3.5,8.89,0.111,0.889,0.727,13.88602,11.78858,2.0974299999999997,295.0,272.0,23.0,14.503696740060835,0.0,0.0,0.25,0.25,0.16666666666666666,0.16666666666666666
en,llama3,mxbai-embed-large,3,5,1,0.0,0.47619047619047616,0.47619047619047616,0.381578947368421,0.0,0.0,9.5,9.2,0.08,0.92,0.919,14.07934,11.99219,2.0871399999999998,304.0,279.0,25.0,14.271253021152909,0.0,0.0,0.47619047619047616,0.47619047619047616,0.47619047619047616,0.47619047619047616
en,llama3,mxbai-embed-large,3,6,1,0.0,0.8421052631578948,0.8421052631578948,0.8909090909090909,1.0,1.0,8.5,8.55,0.145,0.855,0.81,13.40686,11.31476,2.0920900000000002,295.0,280.0,15.0,14.629440656990626,0.0,0.0,0.8421052631578948,0.8421052631578948,0.8421052631578948,0.8421052631578948
en,llama3,mxbai-embed-large,3,7,1,0.0,0.5454545454545454,0.5454545454545454,0.3902439024390244,0.0,0.0,6.4,8.53,0.147,0.853,0.765,13.037510000000001,10.93784,2.09965,285.0,275.0,10.0,14.342220585934212,0.0,0.0,0.5454545454545454,0.5454545454545454,0.5454545454545454,0.5454545454545454
en,llama3,mxbai-embed-large,3,8,1,0.0,0.4615384615384615,0.3076923076923077,0.36363636363636365,0.0,0.0,9.5,8.59,0.141,0.859,0.774,13.09321,11.00798,2.0852199999999996,305.0,294.0,11.0,14.92312757822466,0.0,0.0,0.4615384615384615,0.4615384615384615,0.3076923076923077,0.3076923076923077
en,llama3,mxbai-embed-large,3,9,1,0.0,0.5555555555555556,0.5555555555555556,0.2941176470588235,0.0,0.0,6.5,8.7,0.13,0.87,0.812,13.21894,11.14375,2.07517,297.0,284.0,13.0,14.825976113755836,0.0,0.0,0.5555555555555556,0.5555555555555556,0.5555555555555556,0.5555555555555556
en,llama3,mxbai-embed-large,3,10,1,0.0,0.25,0.25,0.14814814814814814,0.0,0.0,9.5,7.93,0.207,0.793,0.801,13.570540000000001,11.47644,2.09408,298.0,280.0,18.0,14.424096318345574,0.0,0.0,0.25,0.25,0.25,0.25
en,llama3,nomic-embed-text,3,1,1,0.0,0.6,0.6,0.5714285714285714,0.0,0.0,1.0,8.54,0.146,0.854,0.793,11.06084,11.026209999999999,0.03461,292.0,281.0,11.0,14.94253982152902,0.0,0.0,0.6,0.6,0.6,0.6
en,llama3,nomic-embed-text,3,2,1,0.0,0.5,0.5,0.44999999999999996,0.0,0.0,9.5,8.31,0.169,0.831,0.762,12.68588,10.61609,2.06978,263.0,257.0,6.0,15.486504672665625,0.0,0.0,0.5,0.5,0.5,0.5
en,llama3,nomic-embed-text,3,3,1,0.0,0.0625,0.0625,0.12318840579710144,0.0,0.0,0.0,7.99,0.201,0.799,0.749,14.56478,12.48836,2.0764099999999996,303.0,271.0,32.0,14.16198406564363,0.0,0.0,0.0625,0.0625,0.0625,0.0625
en,llama3,nomic-embed-text,3,4,1,0.0,0.5,0.3333333333333333,0.16216216216216217,0.0,0.0,6.5,8.64,0.136,0.864,0.761,12.850950000000001,10.775870000000001,2.07506,276.0,267.0,9.0,15.085198687989989,0.0,0.0,0.5,0.5,0.3333333333333333,0.3333333333333333
en,llama3,nomic-embed-text,3,5,1,0.0,0.47619047619047616,0.47619047619047616,0.381578947368421,0.0,0.0,9.5,9.21,0.079,0.921,0.905,14.25964,12.198139999999999,2.0614899999999996,302.0,279.0,23.0,13.446466838528105,0.0,0.0,0.47619047619047616,0.47619047619047616,0.47619047619047616,0.47619047619047616
en,llama3,nomic-embed-text,3,6,1,0.0,0.8421052631578948,0.8421052631578948,0.8909090909090909,1.0,1.0,9.5,8.64,0.136,0.864,0.845,13.458350000000001,11.386719999999999,2.07161,295.0,280.0,15.0,13.677672694751369,0.0,0.0,0.8421052631578948,0.8421052631578948,0.8421052631578948,0.8421052631578948
en,llama3,nomic-embed-text,3,7,1,0.0,0.375,0.375,0.2753623188405797,0.0,0.0,4.5,8.83,0.117,0.883,0.784,13.58592,11.51771,2.0682,294.0,277.0,17.0,13.551122726460385,0.0,0.0,0.375,0.375,0.375,0.375
en,llama3,nomic-embed-text,3,8,1,0.0,0.4615384615384615,0.3076923076923077,0.36363636363636365,0.0,0.0,9.5,8.53,0.147,0.853,0.778,13.21075,11.15663,2.0541,296.0,285.0,11.0,13.870867269671097,0.0,0.0,0.4615384615384615,0.4615384615384615,0.3076923076923077,0.3076923076923077
en,llama3,nomic-embed-text,3,9,1,0.0,0.5217391304347827,0.5217391304347827,0.3846153846153846,0.0,0.0,2.5,8.54,0.146,0.854,0.832,14.298399999999999,12.190520000000001,2.1078699999999997,304.0,284.0,20.0,12.729641945086744,0.0,0.0,0.5217391304347827,0.5217391304347827,0.5217391304347827,0.5217391304347827
en,llama3,nomic-embed-text,3,10,1,0.0,0.3636363636363636,0.3636363636363636,0.2222222222222222,0.0,0.0,9.5,8.26,0.174,0.826,0.762,13.30026,11.1853,2.11495,303.0,291.0,12.0,14.546690573344474,0.0,0.0,0.3636363636363636,0.3636363636363636,0.3636363636363636,0.3636363636363636
en,mistral,all-minilm,3,1,1,0.0,0.42857142857142855,0.42857142857142855,0.3278688524590164,0.0,0.0,9.5,8.85,0.115,0.885,0.781,11.64362,11.61416,0.02945,344.0,324.0,20.0,14.083269301402243,0.0,0.0,0.42857142857142855,0.42857142857142855,0.42857142857142855,0.42857142857142855
en,mistral,all-minilm,3,2,1,0.0,0.0,0.0,0.08108108108108103,0.0,0.0,1.5,6.9,0.31,0.69,0.617,13.05133,11.01185,2.03947,333.0,319.0,14.0,15.168203458480402,0.0,0.0,0.0,0.0,0.0,0.0
en,mistral,all-minilm,3,3,1,0.0,0.10526315789473685,0.10526315789473685,0.19718309859154926,0.0,0.0,9.5,6.87,0.313,0.687,0.603,13.6335,11.58471,2.0487800000000003,354.0,335.0,19.0,13.677174623974878,0.0,0.0,0.10526315789473685,0.10526315789473685,0.10526315789473685,0.10526315789473685
en,mistral,all-minilm,3,4,1,0.0,0.25806451612903225,0.12903225806451613,0.19718309859154926,0.0,0.0,2.5,8.06,0.194,0.806,0.652,14.597040000000002,12.54574,2.05129,372.0,340.0,32.0,13.961656143868234,0.0,0.0,0.25806451612903225,0.25806451612903225,0.12903225806451613,0.12903225806451613
en,mistral,all-minilm,3,5,1,0.0,0.5263157894736842,0.5263157894736842,0.417910447761194,0.0,0.0,8.5,8.43,0.157,0.843,0.834,14.02539,11.96711,2.05827,347.0,322.0,25.0,13.608729749733826,0.0,0.0,0.5263157894736842,0.5263157894736842,0.5263157894736842,0.5263157894736842
en,mistral,all-minilm,3,6,1,0.0,0.5384615384615384,0.46153846153846156,0.4242424242424242,0.0,0.0,8.5,9.16,0.084,0.916,0.759,14.414530000000001,12.36192,2.0526,371.0,342.0,29.0,13.897521592675144,0.0,0.0,0.5384615384615384,0.5384615384615384,0.46153846153846156,0.46153846153846156
en,mistral,all-minilm,3,7,1,0.0,0.39999999999999997,0.39999999999999997,0.2786885245901639,0.0,0.0,6.5,8.71,0.129,0.871,0.684,13.537709999999999,11.48474,2.0529499999999996,355.0,338.0,17.0,13.99355703707996,0.0,0.0,0.39999999999999997,0.39999999999999997,0.39999999999999997,0.39999999999999997
en,mistral,all-minilm,3,8,1,0.0,0.4,0.26666666666666666,0.27083333333333337,0.0,0.0,9.5,8.34,0.166,0.834,0.67,13.333870000000001,11.26678,2.06707,372.0,357.0,15.0,14.389107560689418,0.0,0.0,0.4,0.4,0.26666666666666666,0.26666666666666666
en,mistral,all-minilm,3,9,1,0.0,0.46153846153846156,0.46153846153846156,0.29885057471264365,0.0,0.0,6.5,9.03,0.097,0.903,0.729,14.06966,12.03029,2.03936,378.0,353.0,25.0,13.790985913721496,0.0,0.0,0.46153846153846156,0.46153846153846156,0.46153846153846156,0.46153846153846156
en,mistral,all-minilm,3,10,1,0.0,0.13333333333333336,0.13333333333333336,0.11267605633802813,0.0,0.0,2.0,9.0,0.1,0.9,0.685,14.060360000000001,11.99396,2.06638,386.0,360.0,26.0,14.60959454778922,0.0,0.0,0.13333333333333336,0.13333333333333336,0.13333333333333336,0.13333333333333336
en,mistral,mxbai-embed-large,3,1,1,0.0,0.4,0.4,0.2564102564102564,0.0,0.0,8.5,8.51,0.149,0.851,0.767,11.508120000000002,11.44669,0.06142,358.0,336.0,22.0,13.849130343860056,0.0,0.0,0.4,0.4,0.4,0.4
en,mistral,mxbai-embed-large,3,2,1,0.0,0.0,0.0,0.0821917808219178,0.0,0.0,8.5,8.06,0.194,0.806,0.734,12.85614,10.784120000000001,2.07201,332.0,319.0,13.0,13.226312792937392,0.0,0.0,0.0,0.0,0.0,0.0
en,mistral,mxbai-embed-large,3,3,1,0.0,0.11764705882352941,0.11764705882352941,0.17391304347826086,0.0,0.0,0.0,7.75,0.225,0.775,0.73,13.17433,11.07626,2.09805,351.0,335.0,16.0,13.359812481672009,0.0,0.0,0.11764705882352941,0.11764705882352941,0.11764705882352941,0.11764705882352941
en,mistral,mxbai-embed-large,3,4,1,0.0,0.3333333333333333,0.2222222222222222,0.29230769230769227,0.0,0.0,6.5,8.88,0.112,0.888,0.727,13.23227,11.13991,2.09236,363.0,344.0,19.0,14.882817395663617,0.0,0.0,0.3333333333333333,0.3333333333333333,0.2222222222222222,0.2222222222222222
en,mistral,mxbai-embed-large,3,5,1,0.0,0.3846153846153846,0.3846153846153846,0.26126126126126126,0.0,0.0,9.5,9.25,0.075,0.925,0.919,14.623059999999999,12.53749,2.08555,376.0,342.0,34.0,13.128374692154091,0.0,0.0,0.3846153846153846,0.3846153846153846,0.3846153846153846,0.3846153846153846
en,mistral,mxbai-embed-large,3,6,1,0.0,0.5185185185185185,0.4444444444444444,0.4158415841584159,0.0,0.0,9.5,8.95,0.105,0.895,0.81,14.30482,12.10821,2.19659,373.0,342.0,31.0,14.18195790529554,0.0,0.0,0.5185185185185185,0.5185185185185185,0.4444444444444444,0.4444444444444444
en,mistral,mxbai-embed-large,3,7,1,0.0,0.39999999999999997,0.39999999999999997,0.2786885245901639,0.0,0.0,6.5,8.71,0.129,0.871,0.765,13.24277,11.14833,2.09443,354.0,337.0,17.0,13.585573208098854,0.0,0.0,0.39999999999999997,0.39999999999999997,0.39999999999999997,0.39999999999999997
en,mistral,mxbai-embed-large,3,8,1,0.0,0.5333333333333333,0.26666666666666666,0.26086956521739135,0.0,0.0,9.5,8.74,0.126,0.874,0.774,12.910680000000001,10.81599,2.09468,378.0,364.0,14.0,15.04354192028019,0.0,0.0,0.5333333333333333,0.5333333333333333,0.26666666666666666,0.26666666666666666
en,mistral,mxbai-embed-large,3,9,1,0.0,0.46153846153846156,0.46153846153846156,0.2941176470588235,0.0,0.0,4.5,9.08,0.092,0.908,0.812,13.74027,11.63977,2.1004899999999997,375.0,350.0,25.0,14.562386311450066,0.0,0.0,0.46153846153846156,0.46153846153846156,0.46153846153846156,0.46153846153846156
en,mistral,mxbai-embed-large,3,10,1,0.0,0.125,0.125,0.09999999999999998,0.0,0.0,2.5,8.7,0.13,0.87,0.801,13.9544,11.868030000000001,2.08635,375.0,348.0,27.0,13.894928608371435,0.0,0.0,0.125,0.125,0.125,0.125
en,mistral,nomic-embed-text,3,1,1,1.0,1.0,1.0,1.0,1.0,1.0,10.0,7.93,0.207,0.793,0.793,10.41807,10.38198,0.03608,356.0,349.0,7.0,14.64774373479381,1.0,1.0,1.0,1.0,1.0,1.0
en,mistral,nomic-embed-text,3,2,1,0.0,0.2222222222222222,0.2222222222222222,0.17647058823529416,0.0,0.0,9.8,8.8,0.12,0.88,0.762,13.25557,11.200280000000001,2.05528,333.0,314.0,19.0,13.322931162658543,0.0,0.0,0.2222222222222222,0.2222222222222222,0.2222222222222222,0.2222222222222222
en,mistral,nomic-embed-text,3,3,1,0.0,0.11111111111111112,0.11111111111111112,0.19999999999999996,0.0,0.0,0.0,8.04,0.196,0.804,0.749,13.17967,11.1175,2.06216,352.0,334.0,18.0,14.020603588542333,0.0,0.0,0.11111111111111112,0.11111111111111112,0.11111111111111112,0.11111111111111112
en,mistral,nomic-embed-text,3,4,1,0.0,0.3333333333333333,0.2222222222222222,0.29230769230769227,0.0,0.0,8.5,9.04,0.096,0.904,0.761,13.28994,11.2451,2.04483,358.0,338.0,20.0,14.536008782656506,0.0,0.0,0.3333333333333333,0.3333333333333333,0.2222222222222222,0.2222222222222222
en,mistral,nomic-embed-text,3,5,1,0.0,0.4166666666666667,0.4166666666666667,0.30107526881720426,0.0,0.0,9.5,9.29,0.071,0.929,0.905,14.09103,11.96458,2.12643,370.0,342.0,28.0,13.7352226786186,0.0,0.0,0.4166666666666667,0.4166666666666667,0.4166666666666667,0.4166666666666667
en,mistral,nomic-embed-text,3,6,1,0.0,0.5185185185185185,0.4444444444444444,0.4158415841584159,0.0,0.0,8.5,9.26,0.074,0.926,0.845,14.23424,12.17656,2.05767,373.0,342.0,31.0,13.730439494094426,0.0,0.0,0.5185185185185185,0.5185185185185185,0.4444444444444444,0.4444444444444444
en,mistral,nomic-embed-text,3,7,1,0.0,0.39999999999999997,0.39999999999999997,0.2786885245901639,0.0,0.0,6.4,8.8,0.12,0.88,0.784,13.09345,11.02057,2.07287,355.0,338.0,17.0,15.197632244655418,0.0,0.0,0.39999999999999997,0.39999999999999997,0.39999999999999997,0.39999999999999997
en,mistral,nomic-embed-text,3,8,1,0.0,0.5333333333333333,0.26666666666666666,0.26086956521739135,0.0,0.0,9.5,8.61,0.139,0.861,0.778,12.938180000000001,10.87824,2.05993,370.0,356.0,14.0,14.215797223431412,0.0,0.0,0.5333333333333333,0.5333333333333333,0.26666666666666666,0.26666666666666666
en,mistral,nomic-embed-text,3,9,1,0.0,0.5714285714285714,0.4761904761904762,0.352112676056338,0.0,0.0,2.5,8.69,0.131,0.869,0.832,13.22398,11.13313,2.09083,367.0,350.0,17.0,13.86736501629252,0.0,0.0,0.5714285714285714,0.5714285714285714,0.4761904761904762,0.4761904761904762
en,mistral,nomic-embed-text,3,10,1,0.0,0.3636363636363636,0.3636363636363636,0.2222222222222222,0.0,0.0,9.5,8.73,0.127,0.873,0.762,13.430969999999999,11.34956,2.08139,378.0,359.0,19.0,13.45140266625208,0.0,0.0,0.3636363636363636,0.3636363636363636,0.3636363636363636,0.3636363636363636
es,deepseek-r1,all-minilm,3,1,1,0.0,0.0,0.0,0.1333333333333333,0.0,0.0,0.0,7.65,0.235,0.765,0.742,106.12113000000001,106.09657000000001,0.02454,1161.0,344.0,817.0,9.296707089962863,0.0,0.0,0.0,0.0,0.0,0.0
es,deepseek-r1,all-minilm,3,2,1,0.0,0.25,0.25,0.18918918918918914,0.0,0.0,9.5,7.87,0.213,0.787,0.681,37.94251,35.887209999999996,2.05529,581.0,341.0,240.0,9.71736395076048,0.0,0.0,0.25,0.25,0.25,0.25
es,deepseek-r1,all-minilm,3,3,1,0.0,0.0,0.0,0.2068965517241379,0.0,0.0,0.0,6.73,0.327,0.673,0.591,33.96411,31.90923,2.0548699999999998,547.0,346.0,201.0,9.70622398816478,0.0,0.0,0.0,0.0,0.0,0.0
es,deepseek-r1,all-minilm,3,4,1,0.0,0.2105263157894737,0.2105263157894737,0.24637681159420288,0.0,0.0,0.0,7.83,0.217,0.783,0.599,41.99403,39.94404,2.04998,595.0,344.0,251.0,9.6563156080042,0.0,0.0,0.2105263157894737,0.2105263157894737,0.2105263157894737,0.2105263157894737
es,deepseek-r1,all-minilm,3,5,1,0.0,0.0,0.0,0.13559322033898302,0.0,0.0,0.0,7.74,0.226,0.774,0.74,35.897690000000004,33.839949999999995,2.0577199999999998,569.0,362.0,207.0,9.139328748887086,0.0,0.0,0.0,0.0,0.0,0.0
es,deepseek-r1,all-minilm,3,6,1,0.0,0.6666666666666667,0.6666666666666667,0.5591397849462365,0.0,0.0,8.5,8.23,0.177,0.823,0.811,39.98108,37.9148,2.06626,621.0,366.0,255.0,9.54919250792375,0.0,0.0,0.6666666666666667,0.6666666666666667,0.6666666666666667,0.6666666666666667
es,deepseek-r1,all-minilm,3,7,1,0.0,0.45454545454545453,0.45454545454545453,0.24444444444444446,0.0,0.0,9.5,8.48,0.152,0.848,0.752,37.55442,35.47523,2.07918,595.0,362.0,233.0,9.616067486337508,0.0,0.0,0.45454545454545453,0.45454545454545453,0.45454545454545453,0.45454545454545453
es,deepseek-r1,all-minilm,3,8,1,0.0,0.1739130434782609,0.08695652173913045,0.2065217391304348,0.0,0.0,0.0,8.34,0.166,0.834,0.613,39.04489,36.976510000000005,2.06837,620.0,365.0,255.0,9.89348629971938,0.0,0.0,0.1739130434782609,0.1739130434782609,0.08695652173913045,0.08695652173913045
es,deepseek-r1,all-minilm,3,9,1,0.0,0.36363636363636365,0.36363636363636365,0.3294117647058824,0.0,0.0,2.5,8.17,0.183,0.817,0.811,39.48353,37.42061,2.06291,621.0,370.0,251.0,9.560649894737244,0.0,0.0,0.36363636363636365,0.36363636363636365,0.36363636363636365,0.36363636363636365
es,deepseek-r1,all-minilm,3,10,1,0.0,0.6666666666666666,0.6666666666666666,0.25,0.0,0.0,2.5,6.43,0.357,0.643,0.648,21.50375,19.44808,2.05566,447.0,363.0,84.0,10.108352148707146,0.0,0.0,0.6666666666666666,0.6666666666666666,0.6666666666666666,0.6666666666666666
es,deepseek-r1,mxbai-embed-large,3,1,1,0.0,0.5454545454545454,0.5454545454545454,0.5,0.0,0.0,9.5,9.02,0.098,0.902,0.795,25.879009999999997,25.81856,0.06044,438.0,338.0,100.0,10.077217789808364,0.0,0.0,0.5454545454545454,0.5454545454545454,0.5454545454545454,0.5454545454545454
es,deepseek-r1,mxbai-embed-large,3,2,1,0.0,0.11764705882352941,0.11764705882352941,0.07526881720430112,0.0,0.0,8.5,9.15,0.085,0.915,0.709,34.5265,32.428200000000004,2.09829,559.0,345.0,214.0,9.89769140279356,0.0,0.0,0.11764705882352941,0.11764705882352941,0.11764705882352941,0.11764705882352941
es,deepseek-r1,mxbai-embed-large,3,3,1,0.0,0.0,0.0,0.22857142857142854,0.0,0.0,0.0,7.98,0.202,0.798,0.741,40.24351,38.134980000000006,2.1085100000000003,622.0,353.0,269.0,9.84684819959715,0.0,0.0,0.0,0.0,0.0,0.0
es,deepseek-r1,mxbai-embed-large,3,4,1,0.0,0.0,0.0,0.25,0.0,0.0,1.5,9.29,0.071,0.929,0.794,53.84655,51.754239999999996,2.0923000000000003,727.0,349.0,378.0,9.231589140163685,0.0,0.0,0.0,0.0,0.0,0.0
es,deepseek-r1,mxbai-embed-large,3,5,1,0.0,0.0,0.0,0.19354838709677424,0.0,0.0,0.0,8.27,0.173,0.827,0.862,33.08202,30.984119999999997,2.09788,557.0,356.0,201.0,9.9538012883725,0.0,0.0,0.0,0.0,0.0,0.0
es,deepseek-r1,mxbai-embed-large,3,6,1,0.0,0.5517241379310346,0.5517241379310346,0.4369747899159664,0.0,0.0,9.5,9.52,0.048,0.952,0.878,49.79428,47.69439,2.09988,726.0,366.0,360.0,9.761366185626994,0.0,0.0,0.5517241379310346,0.5517241379310346,0.5517241379310346,0.5517241379310346
es,deepseek-r1,mxbai-embed-large,3,7,1,0.0,0.45454545454545453,0.45454545454545453,0.25287356321839083,0.0,0.0,9.5,9.38,0.062,0.938,0.872,40.86627,38.76794,2.09832,621.0,362.0,259.0,9.252753652532542,0.0,0.0,0.45454545454545453,0.45454545454545453,0.45454545454545453,0.45454545454545453
es,deepseek-r1,mxbai-embed-large,3,8,1,0.0,0.42105263157894735,0.3157894736842105,0.2535211267605634,0.0,0.0,4.5,8.68,0.132,0.868,0.795,36.903690000000005,34.819309999999994,2.08437,597.0,359.0,238.0,9.90326016947582,0.0,0.0,0.42105263157894735,0.42105263157894735,0.3157894736842105,0.3157894736842105
es,deepseek-r1,mxbai-embed-large,3,9,1,0.0,0.27586206896551724,0.27586206896551724,0.339622641509434,0.0,0.0,1.0,9.29,0.071,0.929,0.88,30.21523,28.097459999999998,2.11776,533.0,359.0,174.0,10.06763302790237,0.0,0.0,0.27586206896551724,0.27586206896551724,0.27586206896551724,0.27586206896551724
es,deepseek-r1,mxbai-embed-large,3,10,1,0.0,0.4,0.4,0.33333333333333337,0.0,0.0,2.0,7.99,0.201,0.799,0.801,27.86775,25.762400000000003,2.10533,522.0,372.0,150.0,10.04018779274343,0.0,0.0,0.4,0.4,0.4,0.4
es,deepseek-r1,nomic-embed-text,3,1,1,1.0,1.0,1.0,1.0,1.0,1.0,10.0,8.12,0.188,0.812,0.812,33.430699999999995,33.39341,0.03728,529.0,355.0,174.0,9.956995222616523,1.0,1.0,1.0,1.0,1.0,1.0
es,deepseek-r1,nomic-embed-text,3,2,1,0.0,0.4,0.4,0.35,0.0,0.0,9.5,8.19,0.181,0.819,0.723,23.81354,21.703979999999998,2.10954,461.0,352.0,109.0,10.02096275084952,0.0,0.0,0.4,0.4,0.4,0.4
es,deepseek-r1,nomic-embed-text,3,3,1,0.0,0.0,0.0,0.16901408450704225,0.0,0.0,0.0,8.48,0.152,0.848,0.748,40.44182,38.36685,2.07496,625.0,353.0,272.0,9.864741161069515,0.0,0.0,0.0,0.0,0.0,0.0
es,deepseek-r1,nomic-embed-text,3,4,1,0.0,0.19047619047619047,0.19047619047619047,0.2282608695652174,0.0,0.0,2.0,8.79,0.121,0.879,0.755,35.905120000000004,33.78827,2.1168400000000003,574.0,345.0,229.0,9.956488146805208,0.0,0.0,0.19047619047619047,0.19047619047619047,0.19047619047619047,0.19047619047619047
es,deepseek-r1,nomic-embed-text,3,5,1,0.0,0.8,0.8,0.6739130434782609,1.0,0.0,9.5,9.29,0.071,0.929,0.86,28.39377,26.238419999999998,2.1553400000000003,517.0,364.0,153.0,9.922984796469658,0.0,0.0,0.8,0.8,0.8,0.8
es,deepseek-r1,nomic-embed-text,3,6,1,0.0,0.33333333333333337,0.33333333333333337,0.4534883720930233,0.0,0.0,8.5,8.57,0.143,0.857,0.864,35.47933999999999,33.31888,2.16044,590.0,366.0,224.0,9.953870298954806,0.0,0.0,0.33333333333333337,0.33333333333333337,0.33333333333333337,0.33333333333333337
es,deepseek-r1,nomic-embed-text,3,7,1,0.0,0.3157894736842105,0.3157894736842105,0.17105263157894735,0.0,0.0,8.5,9.35,0.065,0.935,0.84,45.7532,43.601839999999996,2.15136,682.0,362.0,320.0,9.76870690658965,0.0,0.0,0.3157894736842105,0.3157894736842105,0.3157894736842105,0.3157894736842105
es,deepseek-r1,nomic-embed-text,3,8,1,0.0,0.2608695652173913,0.2608695652173913,0.2525252525252525,0.0,0.0,2.5,9.22,0.078,0.922,0.809,39.65847,37.59292,2.06555,622.0,367.0,255.0,9.50817478190876,0.0,0.0,0.2608695652173913,0.2608695652173913,0.2608695652173913,0.2608695652173913
es,deepseek-r1,nomic-embed-text,3,9,1,0.0,0.45454545454545453,0.45454545454545453,0.31645569620253167,0.0,0.0,2.5,9.09,0.091,0.909,0.878,37.39916,35.33477,2.06437,590.0,355.0,235.0,9.575804648956176,0.0,0.0,0.45454545454545453,0.45454545454545453,0.45454545454545453,0.45454545454545453
es,deepseek-r1,nomic-embed-text,3,10,1,0.0,0.125,0.125,0.11764705882352944,0.0,0.0,2.0,9.35,0.065,0.935,0.77,40.938050000000004,38.86421,2.07382,639.0,376.0,263.0,9.369392336303758,0.0,0.0,0.125,0.125,0.125,0.125
es,llama3,all-minilm,3,1,1,1.0,1.0,1.0,1.0,1.0,1.0,10.0,7.28,0.272,0.728,0.742,13.5736,13.53792,0.03566,352.0,344.0,8.0,13.536440860220512,1.0,1.0,1.0,1.0,1.0,1.0
es,llama3,all-minilm,3,2,1,0.0,0.6666666666666666,0.6666666666666666,0.7,0.0,0.0,10.0,7.17,0.283,0.717,0.681,5.53987,3.49069,2.04917,347.0,341.0,6.0,14.975754253862997,0.0,0.0,0.6666666666666666,0.6666666666666666,0.6666666666666666,0.6666666666666666
es,llama3,all-minilm,3,3,1,0.0,0.0,0.0,0.13636363636363635,0.0,0.0,0.0,6.81,0.319,0.681,0.591,5.81076,3.75406,2.05669,353.0,346.0,7.0,15.386705271177492,0.0,0.0,0.0,0.0,0.0,0.0
es,llama3,all-minilm,3,4,1,0.0,0.375,0.25,0.27450980392156865,0.0,0.0,2.5,7.88,0.212,0.788,0.599,6.50782,4.43813,2.06968,362.0,343.0,19.0,13.934548983386644,0.0,0.0,0.375,0.375,0.25,0.25
es,llama3,all-minilm,3,5,1,0.0,0.0,0.0,0.1504424778761062,0.0,0.0,0.0,7.42,0.258,0.742,0.74,7.288270000000001,5.22639,2.06187,386.0,361.0,25.0,13.52730478354175,0.0,0.0,0.0,0.0,0.0,0.0
es,llama3,all-minilm,3,6,1,0.0,0.8888888888888888,0.8888888888888888,0.9814814814814815,1.0,1.0,9.5,8.06,0.194,0.806,0.811,6.340859999999999,4.27433,2.06651,383.0,367.0,16.0,14.061765602319907,0.0,0.0,0.8888888888888888,0.8888888888888888,0.8888888888888888,0.8888888888888888
es,llama3,all-minilm,3,7,1,0.0,0.6666666666666665,0.6666666666666665,0.4545454545454546,0.0,0.0,6.7,7.14,0.286,0.714,0.752,5.67622,3.61029,2.0659099999999997,370.0,363.0,7.0,15.18385149672647,0.0,0.0,0.6666666666666665,0.6666666666666665,0.6666666666666665,0.6666666666666665
es,llama3,all-minilm,3,8,1,0.0,0.1111111111111111,0.1111111111111111,0.26249999999999996,0.0,0.0,0.0,6.52,0.348,0.652,0.613,6.73512,4.66895,2.06615,383.0,364.0,19.0,13.883597289746437,0.0,0.0,0.1111111111111111,0.1111111111111111,0.1111111111111111,0.1111111111111111
es,llama3,all-minilm,3,9,1,0.0,0.6666666666666665,0.6666666666666665,0.5102040816326531,0.0,0.0,2.5,7.95,0.205,0.795,0.811,6.207050000000001,4.14398,2.06306,382.0,368.0,14.0,14.163696927236536,0.0,0.0,0.6666666666666665,0.6666666666666665,0.6666666666666665,0.6666666666666665
es,llama3,all-minilm,3,10,1,0.0,0.2857142857142857,0.2857142857142857,0.17142857142857137,0.0,0.0,10.0,8.1,0.19,0.81,0.648,6.98344,4.91233,2.0710900000000003,382.0,361.0,21.0,13.739859574709474,0.0,0.0,0.2857142857142857,0.2857142857142857,0.2857142857142857,0.2857142857142857
es,llama3,mxbai-embed-large,3,1,1,1.0,1.0,1.0,1.0,1.0,1.0,10.0,7.9,0.21,0.79,0.795,16.13496,16.07278,0.06216,346.0,338.0,8.0,15.334101316240922,1.0,1.0,1.0,1.0,1.0,1.0
es,llama3,mxbai-embed-large,3,2,1,0.0,0.0,0.0,0.06060606060606055,0.0,0.0,1.0,9.22,0.078,0.922,0.709,14.58902,12.493,2.09601,373.0,344.0,29.0,14.152233625072682,0.0,0.0,0.0,0.0,0.0,0.0
es,llama3,mxbai-embed-large,3,3,1,0.0,0.0,0.0,0.2068965517241379,0.0,0.0,0.0,8.26,0.174,0.826,0.741,13.8204,11.73732,2.08307,368.0,354.0,14.0,14.1302526691038,0.0,0.0,0.0,0.0,0.0,0.0
es,llama3,mxbai-embed-large,3,4,1,0.0,0.2222222222222222,0.2222222222222222,0.24590163934426235,0.0,0.0,1.5,8.87,0.113,0.887,0.794,13.781780000000001,11.691559999999999,2.09021,367.0,349.0,18.0,14.190930135055082,0.0,0.0,0.2222222222222222,0.2222222222222222,0.2222222222222222,0.2222222222222222
es,llama3,mxbai-embed-large,3,5,1,0.0,0.6666666666666667,0.6666666666666667,0.41463414634146345,0.0,0.0,9.5,9.2,0.08,0.92,0.862,13.631020000000001,11.55184,2.07917,372.0,356.0,16.0,14.454258685338198,0.0,0.0,0.6666666666666667,0.6666666666666667,0.6666666666666667,0.6666666666666667
es,llama3,mxbai-embed-large,3,6,1,0.0,0.8888888888888888,0.8888888888888888,0.9814814814814815,1.0,1.0,9.5,8.76,0.124,0.876,0.878,13.63359,11.53476,2.09881,383.0,367.0,16.0,14.128097695795566,0.0,0.0,0.8888888888888888,0.8888888888888888,0.8888888888888888,0.8888888888888888
es,llama3,mxbai-embed-large,3,7,1,0.0,0.4,0.4,0.24,0.0,0.0,8.5,9.19,0.081,0.919,0.872,14.15812,12.068700000000002,2.08941,386.0,363.0,23.0,14.194297718606071,0.0,0.0,0.4,0.4,0.4,0.4
es,llama3,mxbai-embed-large,3,8,1,0.0,0.4615384615384615,0.30769230769230765,0.21052631578947367,0.0,0.0,2.5,8.83,0.117,0.883,0.795,13.27257,11.17516,2.0974,370.0,359.0,11.0,14.92700761128118,0.0,0.0,0.4615384615384615,0.4615384615384615,0.30769230769230765,0.30769230769230765
es,llama3,mxbai-embed-large,3,9,1,0.0,0.6666666666666665,0.5555555555555556,0.5,0.0,0.0,2.5,8.89,0.111,0.889,0.88,13.44161,11.343309999999999,2.09829,370.0,357.0,13.0,14.424741849826676,0.0,0.0,0.6666666666666665,0.6666666666666665,0.5555555555555556,0.5555555555555556
es,llama3,mxbai-embed-large,3,10,1,0.0,0.2857142857142857,0.2857142857142857,0.2033898305084746,0.0,0.0,10.0,9.55,0.045,0.955,0.801,14.006950000000002,11.913549999999999,2.09339,392.0,371.0,21.0,14.227914110554146,0.0,0.0,0.2857142857142857,0.2857142857142857,0.2857142857142857,0.2857142857142857
es,llama3,nomic-embed-text,3,1,1,1.0,1.0,1.0,1.0,1.0,1.0,10.0,8.11,0.189,0.811,0.812,16.22938,16.19057,0.03879,363.0,355.0,8.0,14.458420113975723,1.0,1.0,1.0,1.0,1.0,1.0
es,llama3,nomic-embed-text,3,2,1,0.0,0.6666666666666666,0.6666666666666666,0.7,0.0,0.0,10.0,7.58,0.242,0.758,0.723,12.89234,10.834520000000001,2.0578000000000003,358.0,352.0,6.0,15.344401249954926,0.0,0.0,0.6666666666666666,0.6666666666666666,0.6666666666666666,0.6666666666666666
es,llama3,nomic-embed-text,3,3,1,0.0,0.0,0.0,0.13636363636363635,0.0,0.0,0.0,7.48,0.252,0.748,0.748,13.28192,11.06484,2.21707,361.0,354.0,7.0,14.707464332297928,0.0,0.0,0.0,0.0,0.0,0.0
es,llama3,nomic-embed-text,3,4,1,0.0,0.10526315789473685,0.10526315789473685,0.22388059701492535,0.0,0.0,0.2,8.83,0.117,0.883,0.755,14.42259,12.361799999999999,2.0607800000000003,370.0,345.0,25.0,13.288181863120034,0.0,0.0,0.10526315789473685,0.10526315789473685,0.10526315789473685,0.10526315789473685
es,llama3,nomic-embed-text,3,5,1,0.0,0.09090909090909091,0.09090909090909091,0.20408163265306123,0.0,0.0,8.5,8.28,0.172,0.828,0.86,14.928889999999999,12.855979999999999,2.0729,395.0,363.0,32.0,13.23386320618789,0.0,0.0,0.09090909090909091,0.09090909090909091,0.09090909090909091,0.09090909090909091
es,llama3,nomic-embed-text,3,6,1,0.0,0.8888888888888888,0.8888888888888888,0.9814814814814815,1.0,1.0,9.5,8.64,0.136,0.864,0.864,14.125620000000001,12.01691,2.10869,383.0,367.0,16.0,13.36428390115809,0.0,0.0,0.8888888888888888,0.8888888888888888,0.8888888888888888,0.8888888888888888
es,llama3,nomic-embed-text,3,7,1,0.0,0.4,0.4,0.24,0.0,0.0,7.5,9.25,0.075,0.925,0.84,14.732,12.66096,2.0710300000000004,386.0,363.0,23.0,12.417707045558624,0.0,0.0,0.4,0.4,0.4,0.4
es,llama3,nomic-embed-text,3,8,1,0.0,0.4615384615384615,0.30769230769230765,0.21052631578947367,0.0,0.0,2.0,8.98,0.102,0.898,0.809,13.447149999999999,11.376520000000001,2.0706100000000003,377.0,366.0,11.0,13.334272389364632,0.0,0.0,0.4615384615384615,0.4615384615384615,0.30769230769230765,0.30769230769230765
es,llama3,nomic-embed-text,3,9,1,0.0,0.6,0.6,0.4776119402985075,0.0,0.0,2.5,8.98,0.102,0.898,0.878,13.92183,11.84826,2.07356,374.0,355.0,19.0,13.6245223618927,0.0,0.0,0.6,0.6,0.6,0.6
es,llama3,nomic-embed-text,3,10,1,0.0,0.5714285714285715,0.5714285714285715,0.4285714285714286,0.0,0.0,10.0,8.44,0.156,0.844,0.77,13.33833,11.19198,2.1463400000000004,384.0,374.0,10.0,14.301476555947016,0.0,0.0,0.5714285714285715,0.5714285714285715,0.5714285714285715,0.5714285714285715
es,mistral,all-minilm,3,1,1,0.0,0.5454545454545454,0.5454545454545454,0.5,0.0,0.0,9.5,8.55,0.145,0.855,0.742,14.04279,14.01349,0.02929,414.0,399.0,15.0,15.078645692337526,0.0,0.0,0.5454545454545454,0.5454545454545454,0.5454545454545454,0.5454545454545454
es,mistral,all-minilm,3,2,1,0.0,0.4,0.4,0.35,0.0,0.0,9.5,7.83,0.217,0.783,0.681,13.133280000000001,11.051860000000001,2.08141,406.0,396.0,10.0,15.24457403687449,0.0,0.0,0.4,0.4,0.4,0.4
es,mistral,all-minilm,3,3,1,0.0,0.0,0.0,0.1466666666666666,0.0,0.0,0.0,8.12,0.188,0.812,0.591,14.19265,12.140139999999999,2.0525,433.0,408.0,25.0,14.415581375207251,0.0,0.0,0.0,0.0,0.0,0.0
es,mistral,all-minilm,3,4,1,0.0,0.11764705882352941,0.11764705882352941,0.27118644067796616,0.0,0.0,0.0,7.83,0.217,0.783,0.599,13.819090000000001,11.77092,2.04815,424.0,404.0,20.0,14.461733205462687,0.0,0.0,0.11764705882352941,0.11764705882352941,0.11764705882352941,0.11764705882352941
es,mistral,all-minilm,3,5,1,0.0,0.0,0.0,0.15306122448979587,0.0,0.0,0.0,7.97,0.203,0.797,0.74,14.711540000000001,12.64941,2.0621199999999997,451.0,420.0,31.0,13.740352112036172,0.0,0.0,0.0,0.0,0.0,0.0
es,mistral,all-minilm,3,6,1,0.0,0.8888888888888888,0.8888888888888888,0.9814814814814815,1.0,1.0,8.5,8.06,0.194,0.806,0.811,13.91375,11.8408,2.07293,448.0,428.0,20.0,14.227006543213715,0.0,0.0,0.8888888888888888,0.8888888888888888,0.8888888888888888,0.8888888888888888
es,mistral,all-minilm,3,7,1,0.0,0.37499999999999994,0.37499999999999994,0.22807017543859653,0.0,0.0,7.5,8.07,0.193,0.807,0.752,13.90507,11.840770000000001,2.06429,445.0,425.0,20.0,14.233956569494056,0.0,0.0,0.37499999999999994,0.37499999999999994,0.37499999999999994,0.37499999999999994
es,mistral,all-minilm,3,8,1,0.0,0.21052631578947367,0.21052631578947367,0.23611111111111116,0.0,0.0,2.5,7.69,0.231,0.769,0.613,14.18188,12.13767,2.0442,446.0,425.0,21.0,12.612656548593383,0.0,0.0,0.21052631578947367,0.21052631578947367,0.21052631578947367,0.21052631578947367
es,mistral,all-minilm,3,9,1,0.0,0.07407407407407407,0.07407407407407407,0.22580645161290325,0.0,0.0,1.0,8.82,0.118,0.882,0.811,15.356729999999999,13.31597,2.04074,467.0,429.0,38.0,13.196298341079444,0.0,0.0,0.07407407407407407,0.07407407407407407,0.07407407407407407,0.07407407407407407
es,mistral,all-minilm,3,10,1,0.0,0.3636363636363636,0.3636363636363636,0.24,0.0,0.0,10.0,8.43,0.157,0.843,0.648,13.92216,11.87896,2.04319,445.0,425.0,20.0,13.992785319889064,0.0,0.0,0.3636363636363636,0.3636363636363636,0.3636363636363636,0.3636363636363636
es,mistral,mxbai-embed-large,3,1,1,1.0,1.0,1.0,1.0,1.0,1.0,10.0,7.95,0.205,0.795,0.795,10.42625,10.36755,0.05868,397.0,390.0,7.0,16.26793568959663,1.0,1.0,1.0,1.0,1.0,1.0
es,mistral,mxbai-embed-large,3,2,1,0.0,0.2222222222222222,0.2222222222222222,0.15217391304347827,0.0,0.0,10.0,9.2,0.08,0.92,0.709,13.44669,11.346200000000001,2.1004699999999996,419.0,401.0,18.0,14.376988766859316,0.0,0.0,0.2222222222222222,0.2222222222222222,0.2222222222222222,0.2222222222222222
es,mistral,mxbai-embed-large,3,3,1,0.0,0.0,0.0,0.16923076923076918,0.0,0.0,0.0,8.22,0.178,0.822,0.741,13.74672,11.6539,2.09281,436.0,414.0,22.0,14.100027001551709,0.0,0.0,0.0,0.0,0.0,0.0
es,mistral,mxbai-embed-large,3,4,1,0.0,0.6666666666666666,0.6666666666666666,0.627906976744186,0.0,0.0,7.5,8.25,0.175,0.825,0.794,13.196620000000001,11.09682,2.09979,435.0,419.0,16.0,15.18862516267255,0.0,0.0,0.6666666666666666,0.6666666666666666,0.6666666666666666,0.6666666666666666
es,mistral,mxbai-embed-large,3,5,1,0.0,0.0,0.0,0.15957446808510634,0.0,0.0,0.0,8.92,0.108,0.892,0.862,14.15084,12.04419,2.10664,453.0,424.0,29.0,14.65068522770398,0.0,0.0,0.0,0.0,0.0,0.0
es,mistral,mxbai-embed-large,3,6,1,0.0,0.8888888888888888,0.8888888888888888,0.9814814814814815,1.0,1.0,9.5,8.76,0.124,0.876,0.878,13.50718,11.410110000000001,2.0970500000000003,448.0,428.0,20.0,14.746049072639403,0.0,0.0,0.8888888888888888,0.8888888888888888,0.8888888888888888,0.8888888888888888
es,mistral,mxbai-embed-large,3,7,1,0.0,0.37499999999999994,0.37499999999999994,0.22807017543859653,0.0,0.0,7.5,9.22,0.078,0.922,0.872,13.48877,11.4089,2.07985,443.0,423.0,20.0,14.833013273989414,0.0,0.0,0.37499999999999994,0.37499999999999994,0.37499999999999994,0.37499999999999994
es,mistral,mxbai-embed-large,3,8,1,0.0,0.4705882352941177,0.23529411764705885,0.2666666666666667,0.0,0.0,2.5,8.94,0.106,0.894,0.795,13.48337,11.38838,2.09498,449.0,429.0,20.0,14.792011012356358,0.0,0.0,0.4705882352941177,0.4705882352941177,0.23529411764705885,0.23529411764705885
es,mistral,mxbai-embed-large,3,9,1,0.0,0.45454545454545453,0.45454545454545453,0.32894736842105265,0.0,0.0,1.0,9.12,0.088,0.912,0.88,13.821530000000001,11.72549,2.0960300000000003,443.0,418.0,25.0,14.95522465559015,0.0,0.0,0.45454545454545453,0.45454545454545453,0.45454545454545453,0.45454545454545453
es,mistral,mxbai-embed-large,3,10,1,0.0,0.4444444444444445,0.4444444444444445,0.33333333333333337,0.0,0.0,10.0,8.85,0.115,0.885,0.801,13.2,11.10942,2.09057,452.0,439.0,13.0,13.494378708942964,0.0,0.0,0.4444444444444445,0.4444444444444445,0.4444444444444445,0.4444444444444445
es,mistral,nomic-embed-text,3,1,1,0.0,0.5454545454545454,0.5454545454545454,0.5,0.0,0.0,9.5,9.05,0.095,0.905,0.812,11.21942,11.18521,0.0342,427.0,412.0,15.0,13.803970187473558,0.0,0.0,0.5454545454545454,0.5454545454545454,0.5454545454545454,0.5454545454545454
es,mistral,nomic-embed-text,3,2,1,0.0,0.07142857142857142,0.07142857142857142,0.042424242424242475,0.0,0.0,6.5,8.78,0.122,0.878,0.723,16.17041,14.107569999999999,2.06283,462.0,409.0,53.0,13.298530994083258,0.0,0.0,0.07142857142857142,0.07142857142857142,0.07142857142857142,0.07142857142857142
es,mistral,nomic-embed-text,3,3,1,0.0,0.0,0.0,0.1728395061728395,0.0,0.0,0.0,8.44,0.156,0.844,0.748,13.907860000000001,11.84394,2.06391,438.0,414.0,24.0,13.777101424150455,0.0,0.0,0.0,0.0,0.0,0.0
es,mistral,nomic-embed-text,3,4,1,0.0,0.16666666666666663,0.1111111111111111,0.19480519480519476,0.0,0.0,1.5,9.07,0.093,0.907,0.755,15.61975,13.54294,2.0768,461.0,410.0,51.0,14.570841574667991,0.0,0.0,0.16666666666666663,0.16666666666666663,0.1111111111111111,0.1111111111111111
es,mistral,nomic-embed-text,3,5,1,0.0,0.0,0.0,0.15841584158415845,0.0,0.0,0.0,8.79,0.121,0.879,0.86,14.673290000000001,12.60107,2.07221,459.0,428.0,31.0,12.905247673350363,0.0,0.0,0.0,0.0,0.0,0.0
es,mistral,nomic-embed-text,3,6,1,0.0,0.8888888888888888,0.8888888888888888,0.9814814814814815,1.0,1.0,10.0,8.64,0.136,0.864,0.864,13.73525,11.66306,2.07218,448.0,428.0,20.0,13.399091608584396,0.0,0.0,0.8888888888888888,0.8888888888888888,0.8888888888888888,0.8888888888888888
es,mistral,nomic-embed-text,3,7,1,0.0,0.5454545454545454,0.5454545454545454,0.27586206896551724,0.0,0.0,6.5,8.71,0.129,0.871,0.84,13.071530000000001,10.95971,2.1118099999999997,436.0,423.0,13.0,14.687788459691625,0.0,0.0,0.5454545454545454,0.5454545454545454,0.5454545454545454,0.5454545454545454
es,mistral,nomic-embed-text,3,8,1,0.0,0.5,0.5,0.32352941176470584,0.0,0.0,2.5,8.16,0.184,0.816,0.809,12.459200000000001,10.39733,2.0618600000000002,437.0,433.0,4.0,16.826320403427857,0.0,0.0,0.5,0.5,0.5,0.5
es,mistral,nomic-embed-text,3,9,1,0.0,0.29411764705882354,0.23529411764705882,0.25,0.0,0.0,2.5,9.52,0.048,0.952,0.878,15.39757,13.30334,2.09421,459.0,416.0,43.0,13.264265378095724,0.0,0.0,0.29411764705882354,0.29411764705882354,0.23529411764705882,0.23529411764705882
es,mistral,nomic-embed-text,3,10,1,0.0,0.28571428571428575,0.28571428571428575,0.1428571428571429,0.0,0.0,2.0,8.29,0.171,0.829,0.77,13.20646,11.10006,2.1063899999999998,458.0,444.0,14.0,14.33767519102904,0.0,0.0,0.28571428571428575,0.28571428571428575,0.28571428571428575,0.28571428571428575
