q_index10,language,embedding,n,EM_mean,F1_mean,ROUGE_L_mean,LEV_SIM_mean,ACC_rouge70,ACC_lev80,gold_score_mean,fact_cons_mean,halluc_rate_mean,groundedness_mean,retrieval_support_mean,lat_total_s_mean,lat_gen_s_mean,lat_ret_s_mean,tok_total_mean,tok_prompt_mean,tok_comp_mean,tps_mean,EM_ci_lo,EM_ci_hi,F1_ci_lo,F1_ci_hi,ROUGE_L_ci_lo,ROUGE_L_ci_hi
1,ca,all-minilm,3,0.6666666666666666,0.6666666666666666,0.6666666666666666,0.7064676616915423,0.6666666666666666,0.6666666666666666,6.666666666666667,7.38,0.262,0.738,0.738,19.342663333333334,19.317876666666667,0.02477,483.6666666666667,373.0,110.66666666666667,13.519515687308457,0.0,1.0,0.0,1.0,0.0,1.0
1,ca,mxbai-embed-large,3,0.0,0.0,0.0,0.15672981056829513,0.0,0.0,0.8333333333333334,8.036666666666667,0.19633333333333333,0.8036666666666666,0.711,24.955830000000002,24.895953333333335,0.05985666666666667,511.3333333333333,373.6666666666667,137.66666666666666,12.755154993791649,0.0,0.0,0.0,0.0,0.0,0.0
1,ca,nomic-embed-text,3,0.3333333333333333,0.6538461538461539,0.6538461538461539,0.6090225563909774,0.3333333333333333,0.3333333333333333,3.8333333333333335,8.693333333333333,0.13066666666666668,0.8693333333333334,0.8130000000000001,20.134246666666666,20.098516666666665,0.03571,480.6666666666667,384.0,96.66666666666667,12.647966866651833,0.0,1.0,0.4615384615384615,1.0,0.4615384615384615,1.0
1,en,all-minilm,3,0.3333333333333333,0.4761904761904762,0.4761904761904762,0.49293741622847714,0.3333333333333333,0.3333333333333333,6.666666666666667,7.849999999999999,0.215,0.785,0.781,13.811423333333332,13.782316666666667,0.029093333333333336,344.3333333333333,284.0,60.333333333333336,13.077194814254861,0.0,1.0,0.0,1.0,0.0,1.0
1,en,mxbai-embed-large,3,0.0,0.4761904761904762,0.4761904761904762,0.38347315766670603,0.0,0.0,4.0,8.493333333333332,0.1506666666666667,0.8493333333333334,0.767,56.72493666666667,56.66507333333333,0.059849999999999993,725.0,294.3333333333333,430.6666666666667,12.533905670310325,0.0,0.0,0.4000000000000001,0.6,0.4000000000000001,0.6
1,en,nomic-embed-text,3,0.3333333333333333,0.5333333333333333,0.5333333333333333,0.5793650793650794,0.3333333333333333,0.3333333333333333,3.8333333333333335,8.07,0.19299999999999998,0.807,0.793,19.177243333333333,19.14245,0.03477666666666667,394.3333333333333,303.3333333333333,91.0,13.204658833457259,0.0,1.0,0.0,1.0,0.0,1.0
1,es,all-minilm,3,0.3333333333333333,0.5151515151515151,0.5151515151515151,0.5444444444444444,0.3333333333333333,0.3333333333333333,6.5,7.826666666666667,0.21733333333333335,0.7826666666666666,0.742,44.57917333333334,44.54932666666667,0.02983,642.3333333333334,362.3333333333333,280.0,12.637264547506966,0.0,1.0,0.0,1.0,0.0,1.0
1,es,mxbai-embed-large,3,0.6666666666666666,0.8484848484848485,0.8484848484848485,0.8333333333333334,0.6666666666666666,0.6666666666666666,9.833333333333334,8.290000000000001,0.171,0.8290000000000001,0.795,17.480073333333333,17.41963,0.06042666666666666,393.6666666666667,355.3333333333333,38.333333333333336,13.893084931881972,0.0,1.0,0.5454545454545454,1.0,0.5454545454545454,1.0
1,es,nomic-embed-text,3,0.6666666666666666,0.8484848484848485,0.8484848484848485,0.8333333333333334,0.6666666666666666,0.6666666666666666,9.833333333333334,8.426666666666666,0.15733333333333333,0.8426666666666668,0.8119999999999999,20.293166666666664,20.256396666666667,0.03675666666666667,439.6666666666667,374.0,65.66666666666667,12.739795174688602,0.0,1.0,0.5454545454545454,1.0,0.5454545454545454,1.0
2,ca,all-minilm,3,0.0,0.0,0.0,0.20022883295194513,0.0,0.0,8.5,7.32,0.268,0.7320000000000001,0.626,18.712653333333332,16.656183333333335,2.05645,456.3333333333333,370.6666666666667,85.66666666666667,13.022420416259365,0.0,0.0,0.0,0.0,0.0,0.0
2,ca,mxbai-embed-large,3,0.0,0.0,0.0,0.19442586399108142,0.0,0.0,6.5,8.473333333333334,0.15266666666666664,0.8473333333333333,0.701,71.63959999999999,69.53195333333333,2.107633333333333,903.0,369.3333333333333,533.6666666666666,12.50944344379432,0.0,0.0,0.0,0.0,0.0,0.0
2,ca,nomic-embed-text,3,0.0,0.0,0.0,0.42643424831363125,0.0,0.3333333333333333,8.5,8.07,0.19300000000000003,0.8069999999999999,0.726,25.061156666666665,22.976343333333336,2.0848,491.0,366.6666666666667,124.33333333333333,13.09460566177691,0.0,0.0,0.0,0.0,0.0,0.0
2,en,all-minilm,3,0.0,0.2142857142857143,0.2142857142857143,0.217027027027027,0.0,0.0,6.833333333333333,7.760000000000001,0.22399999999999998,0.7759999999999999,0.617,19.332843333333333,17.28266,2.05017,371.3333333333333,280.3333333333333,91.0,13.564679086378684,0.0,0.0,0.0,0.5,0.0,0.5
2,en,mxbai-embed-large,3,0.0,0.16507936507936508,0.16507936507936508,0.1791829745596869,0.0,0.0,9.166666666666666,8.276666666666666,0.17233333333333334,0.8276666666666667,0.734,18.048126666666665,15.956796666666667,2.0913233333333334,340.3333333333333,280.3333333333333,60.0,13.017353268791481,0.0,0.0,0.0,0.4000000000000001,0.0,0.4000000000000001
2,en,nomic-embed-text,3,0.0,0.29629629629629634,0.29629629629629634,0.25721062618595825,0.0,0.0,9.6,8.633333333333335,0.1366666666666667,0.8633333333333333,0.762,17.711146666666668,15.638386666666667,2.0727499999999996,333.6666666666667,275.6666666666667,58.0,12.996191418929627,0.0,0.0,0.16666666666666666,0.5,0.16666666666666666,0.5
2,es,all-minilm,3,0.0,0.4388888888888889,0.4388888888888889,0.413063063063063,0.0,0.0,9.666666666666666,7.623333333333332,0.23766666666666666,0.7623333333333333,0.681,18.871886666666665,16.80992,2.0619566666666667,444.6666666666667,359.3333333333333,85.33333333333333,13.312564080499323,0.0,0.0,0.25,0.6666666666666666,0.25,0.6666666666666666
2,es,mxbai-embed-large,3,0.0,0.11328976034858389,0.11328976034858389,0.09601626361794664,0.0,0.0,6.5,9.19,0.081,0.919,0.709,20.854069999999997,18.755800000000004,2.0982566666666664,450.3333333333333,363.3333333333333,87.0,12.808971264908521,0.0,0.0,0.0,0.2222222222222222,0.0,0.2222222222222222
2,es,nomic-embed-text,3,0.0,0.37936507936507935,0.37936507936507935,0.3641414141414141,0.0,0.0,8.666666666666666,8.183333333333332,0.18166666666666664,0.8183333333333334,0.723,17.625429999999998,15.548689999999999,2.0767233333333333,427.0,371.0,56.0,12.887964998295901,0.0,0.0,0.07142857142857142,0.6666666666666666,0.07142857142857142,0.6666666666666666
3,ca,all-minilm,3,0.0,0.0,0.0,0.16439449420689914,0.0,0.0,0.0,7.3066666666666675,0.26933333333333337,0.7306666666666667,0.575,24.901723333333333,22.85059666666667,2.0511133333333333,523.0,378.3333333333333,144.66666666666666,12.613791022954443,0.0,0.0,0.0,0.0,0.0,0.0
3,ca,mxbai-embed-large,3,0.0,0.0,0.0,0.20702376584729523,0.0,0.0,0.0,8.126666666666667,0.18733333333333335,0.8126666666666668,0.7280000000000001,22.273643333333336,20.174519999999998,2.0991133333333334,471.6666666666667,377.0,94.66666666666667,12.109823287471444,0.0,0.0,0.0,0.0,0.0,0.0
3,ca,nomic-embed-text,3,0.0,0.0,0.0,0.21591024469489292,0.0,0.0,0.8333333333333334,8.023333333333333,0.19766666666666666,0.8023333333333333,0.746,26.382943333333333,24.312569999999997,2.07036,526.0,394.3333333333333,131.66666666666666,12.37228443356184,0.0,0.0,0.0,0.0,0.0,0.0
3,en,all-minilm,3,0.0,0.06407322654462243,0.06407322654462243,0.15542365222539037,0.0,0.0,3.1666666666666665,7.18,0.28200000000000003,0.718,0.603,17.47176333333333,15.415306666666666,2.0564433333333336,370.3333333333333,293.6666666666667,76.66666666666667,12.486698131518557,0.0,0.0,0.0,0.10526315789473685,0.0,0.10526315789473685
3,en,mxbai-embed-large,3,0.0,0.11597007223942209,0.11597007223942209,0.19101195016526826,0.0,0.0,2.8333333333333335,7.8566666666666665,0.21433333333333335,0.7856666666666667,0.73,22.972783333333336,20.879583333333333,2.0931866666666665,403.0,293.6666666666667,109.33333333333333,12.68514981074722,0.0,0.0,0.10526315789473685,0.125,0.10526315789473685,0.125
3,en,nomic-embed-text,3,0.0,0.05787037037037037,0.05787037037037037,0.15981280193236713,0.0,0.0,0.0,7.996666666666666,0.20033333333333334,0.7996666666666666,0.749,20.68225,18.59853,2.08371,381.0,291.6666666666667,89.33333333333333,12.758657354479913,0.0,0.0,0.0,0.11111111111111112,0.0,0.11111111111111112
3,es,all-minilm,3,0.0,0.0,0.0,0.16330895158481362,0.0,0.0,0.0,7.219999999999999,0.278,0.7220000000000001,0.591,17.989173333333333,15.934476666666669,2.0546866666666666,444.3333333333333,366.6666666666667,77.66666666666667,13.16950354484984,0.0,0.0,0.0,0.0,0.0,0.0
3,es,mxbai-embed-large,3,0.0,0.0,0.0,0.20156624984211188,0.0,0.0,0.0,8.153333333333334,0.18466666666666667,0.8153333333333334,0.741,22.603543333333334,20.508733333333335,2.094796666666667,475.3333333333333,373.6666666666667,101.66666666666667,12.692375956750887,0.0,0.0,0.0,0.0,0.0,0.0
3,es,nomic-embed-text,3,0.0,0.0,0.0,0.15940574234783936,0.0,0.0,0.0,8.133333333333333,0.18666666666666668,0.8133333333333334,0.7479999999999999,22.54386666666667,20.425210000000003,2.118646666666667,474.6666666666667,373.6666666666667,101.0,12.783102305839298,0.0,0.0,0.0,0.0,0.0,0.0
4,ca,all-minilm,3,0.0,0.1546218487394958,0.1546218487394958,0.2522748007298569,0.0,0.0,2.8333333333333335,7.433333333333334,0.25666666666666665,0.7433333333333333,0.705,21.106016666666665,19.05501333333333,2.0509866666666667,499.3333333333333,394.3333333333333,105.0,12.836789205446726,0.0,0.0,0.09523809523809523,0.2352941176470588,0.09523809523809523,0.2352941176470588
4,ca,mxbai-embed-large,3,0.0,0.2333333333333333,0.15555555555555556,0.21780792420327308,0.0,0.0,3.5,7.6433333333333335,0.23566666666666666,0.7643333333333334,0.725,22.069146666666665,19.974576666666668,2.09456,469.6666666666667,377.3333333333333,92.33333333333333,12.280272441721733,0.0,0.0,0.0,0.39999999999999997,0.0,0.26666666666666666
4,ca,nomic-embed-text,3,0.0,0.5468950969799866,0.46879662499356894,0.4315469441574911,0.3333333333333333,0.0,7.833333333333333,8.566666666666668,0.14333333333333334,0.8566666666666668,0.783,28.427623333333333,26.356186666666662,2.071426666666667,533.0,371.6666666666667,161.33333333333334,12.922168469694858,0.0,0.0,0.3870967741935483,0.7272727272727272,0.25806451612903225,0.7272727272727272
4,en,all-minilm,3,0.0,0.31459293394777266,0.2065028161802355,0.2562876923106256,0.0,0.0,5.466666666666666,8.049999999999999,0.19499999999999998,0.805,0.652,16.2943,14.239910000000002,2.0543799999999997,358.0,293.0,65.0,12.598493078743905,0.0,0.0,0.25806451612903225,0.4000000000000001,0.12903225806451613,0.3
4,en,mxbai-embed-large,3,0.0,0.33479532163742687,0.23489278752436646,0.281849477682811,0.0,0.0,6.166666666666667,8.806666666666667,0.11933333333333333,0.8806666666666666,0.727,20.014023333333334,17.922993333333334,2.0910266666666666,375.3333333333333,295.6666666666667,79.66666666666667,13.03120033841695,0.0,0.0,0.25,0.42105263157894735,0.16666666666666666,0.3157894736842105
4,en,nomic-embed-text,3,0.0,0.38888888888888884,0.25925925925925924,0.23482328482328482,0.0,0.0,7.166666666666667,8.799999999999999,0.12,0.88,0.761,19.510930000000002,17.42293666666667,2.0879800000000004,365.6666666666667,290.3333333333333,75.33333333333333,13.212639278333421,0.0,0.0,0.3333333333333333,0.5,0.2222222222222222,0.3333333333333333
4,es,all-minilm,3,0.0,0.23439112487100103,0.19272445820433437,0.26402435206457925,0.0,0.0,0.8333333333333334,7.846666666666667,0.21533333333333335,0.7846666666666667,0.599,20.773646666666668,18.71769666666667,2.0559366666666663,460.3333333333333,363.6666666666667,96.66666666666667,12.684199265617844,0.0,0.0,0.1176470588235294,0.375,0.1176470588235294,0.25
4,es,mxbai-embed-large,3,0.0,0.2962962962962963,0.2962962962962963,0.3746028720294828,0.0,0.0,3.5,8.803333333333333,0.11966666666666666,0.8803333333333333,0.794,26.94165,24.847539999999995,2.0941000000000005,509.6666666666667,372.3333333333333,137.33333333333334,12.870381479297107,0.0,0.0,0.0,0.6666666666666666,0.0,0.6666666666666666
4,es,nomic-embed-text,3,0.0,0.15413533834586465,0.13561681982734614,0.21564888712844585,0.0,0.0,1.2333333333333334,8.896666666666667,0.11033333333333332,0.8896666666666667,0.755,21.98248666666667,19.89767,2.084806666666667,468.3333333333333,366.6666666666667,101.66666666666667,12.605170528197746,0.0,0.0,0.10526315789473685,0.19047619047619047,0.10526315789473685,0.19047619047619047
5,ca,all-minilm,3,0.0,0.4175501917437401,0.4175501917437401,0.2766483881179222,0.0,0.0,9.6,8.556666666666667,0.14433333333333334,0.8556666666666667,0.8119999999999999,23.37321,21.320876666666667,2.052313333333333,521.0,393.6666666666667,127.33333333333333,12.342165761954751,0.0,0.0,0.3225806451612903,0.5454545454545454,0.3225806451612903,0.5454545454545454
5,ca,mxbai-embed-large,3,0.0,0.5336700336700336,0.5336700336700336,0.29067508663634395,0.0,0.0,9.5,9.366666666666665,0.06333333333333334,0.9366666666666666,0.851,22.354670000000002,20.26257,2.092086666666667,470.0,372.6666666666667,97.33333333333333,12.029404961972723,0.0,0.0,0.5,0.5555555555555556,0.5,0.5555555555555556
5,ca,nomic-embed-text,3,0.0,0.5797619047619048,0.5797619047619048,0.3394994536870967,0.3333333333333333,0.0,9.5,9.18,0.082,0.918,0.86,21.227076666666672,19.16182,2.065243333333333,455.0,368.6666666666667,86.33333333333333,12.26181311773549,0.0,0.0,0.39999999999999997,0.7142857142857143,0.39999999999999997,0.7142857142857143
5,en,all-minilm,3,0.0,0.4675020885547201,0.4675020885547201,0.3651359208255179,0.0,0.0,9.166666666666666,8.513333333333334,0.14866666666666664,0.8513333333333333,0.834,19.296773333333334,17.233906666666666,2.0628533333333334,375.0,281.0,94.0,12.394186302485506,0.0,0.0,0.39999999999999997,0.5263157894736842,0.39999999999999997,0.5263157894736842
5,en,mxbai-embed-large,3,0.0,0.44566544566544564,0.44566544566544564,0.3414730519993678,0.0,0.0,9.166666666666666,9.213333333333333,0.07866666666666666,0.9213333333333334,0.919,20.238533333333333,18.14852,2.0899966666666665,382.0,300.3333333333333,81.66666666666667,12.332689460532913,0.0,0.0,0.3846153846153846,0.4761904761904761,0.3846153846153846,0.4761904761904761
5,en,nomic-embed-text,3,0.0,0.4425465838509317,0.4425465838509317,0.32755140539520844,0.0,0.0,9.166666666666666,9.203333333333333,0.07966666666666666,0.9203333333333333,0.9049999999999999,20.08153,17.981043333333332,2.100473333333333,381.0,300.0,81.0,12.401170382131868,0.0,0.0,0.4166666666666667,0.4761904761904761,0.4166666666666667,0.4761904761904761
5,es,all-minilm,3,0.0,0.0,0.0,0.14636564090162837,0.0,0.0,0.0,7.71,0.229,0.771,0.7399999999999999,19.299166666666668,17.238583333333334,2.06057,468.6666666666667,381.0,87.66666666666667,12.135661881488337,0.0,0.0,0.0,0.0,0.0,0.0
5,es,mxbai-embed-large,3,0.0,0.22222222222222224,0.22222222222222224,0.2559190005077813,0.0,0.0,3.1666666666666665,8.796666666666667,0.12033333333333333,0.8796666666666666,0.862,20.28796,18.193383333333333,2.0945633333333333,460.6666666666667,378.6666666666667,82.0,13.019581733804893,0.0,0.0,0.0,0.6666666666666666,0.0,0.6666666666666666
5,es,nomic-embed-text,3,0.0,0.296969696969697,0.296969696969697,0.34547017257182683,0.3333333333333333,0.0,6.0,8.786666666666667,0.12133333333333333,0.8786666666666667,0.86,19.331983333333334,17.23182333333333,2.10015,457.0,385.0,72.0,12.020698558669304,0.0,0.0,0.0,0.8000000000000002,0.0,0.8000000000000002
6,ca,all-minilm,3,0.0,0.8194222931065037,0.8194222931065037,0.8254946085325833,1.0,0.6666666666666666,9.333333333333334,7.993333333333332,0.2006666666666667,0.7993333333333333,0.791,18.00916,15.946166666666668,2.0629833333333334,469.0,389.0,80.0,12.890428251028686,0.0,0.0,0.7272727272727274,0.8888888888888888,0.7272727272727274,0.8888888888888888
6,ca,mxbai-embed-large,3,0.0,0.7518796992481204,0.7518796992481204,0.7421253028729664,0.6666666666666666,0.6666666666666666,9.5,8.943333333333333,0.10566666666666667,0.8943333333333333,0.858,20.364050000000002,18.27997333333333,2.0840633333333334,468.0,388.6666666666667,79.33333333333333,12.400687298353548,0.0,0.0,0.5714285714285714,0.8421052631578948,0.5714285714285714,0.8421052631578948
6,ca,nomic-embed-text,3,0.0,0.7453115547489414,0.7453115547489414,0.7380471380471381,0.6666666666666666,0.6666666666666666,9.166666666666666,9.136666666666668,0.08633333333333333,0.9136666666666665,0.88,24.38159,22.302149999999997,2.0794266666666665,513.3333333333334,399.3333333333333,114.0,12.361694195531996,0.0,0.0,0.5517241379310346,0.8421052631578948,0.5517241379310346,0.8421052631578948
6,en,all-minilm,3,0.0,0.6506651243493349,0.6250240987083092,0.600100010001,0.3333333333333333,0.3333333333333333,8.5,8.903333333333334,0.10966666666666668,0.8903333333333333,0.759,21.788306666666667,19.725006666666665,2.06329,415.6666666666667,300.3333333333333,115.33333333333333,12.54924598479333,0.0,0.0,0.5384615384615384,0.8421052631578948,0.4615384615384615,0.8421052631578948
6,en,mxbai-embed-large,3,0.0,0.6440174510349949,0.6193260930103035,0.5972997299729973,0.3333333333333333,0.3333333333333333,9.166666666666666,8.81,0.119,0.8809999999999999,0.81,22.610973333333334,20.48640333333333,2.1245533333333335,402.6666666666667,300.3333333333333,102.33333333333333,12.767757595655475,0.0,0.0,0.5185185185185185,0.8421052631578948,0.4444444444444444,0.8421052631578948
6,en,nomic-embed-text,3,0.0,0.6440174510349949,0.6193260930103035,0.5972997299729973,0.3333333333333333,0.3333333333333333,8.833333333333334,9.026666666666666,0.09733333333333334,0.9026666666666667,0.8450000000000001,24.438923333333335,22.344823333333334,2.0940866666666667,424.0,300.3333333333333,123.66666666666667,12.428568949189263,0.0,0.0,0.5185185185185185,0.8421052631578948,0.4444444444444444,0.8421052631578948
6,es,all-minilm,3,0.0,0.8148148148148149,0.8148148148148149,0.8407009159697333,0.6666666666666666,0.6666666666666666,8.833333333333334,8.116666666666667,0.18833333333333332,0.8116666666666666,0.811,20.07856333333333,18.009976666666667,2.068566666666667,484.0,387.0,97.0,12.612654884485792,0.0,0.0,0.6666666666666666,0.8888888888888888,0.6666666666666666,0.8888888888888888
6,es,mxbai-embed-large,3,0.0,0.7765006385696042,0.7765006385696042,0.7999792509596432,0.6666666666666666,0.6666666666666666,9.5,9.013333333333334,0.09866666666666667,0.9013333333333332,0.878,25.645016666666667,23.546419999999998,2.09858,519.0,387.0,132.0,12.878504318020653,0.0,0.0,0.5517241379310346,0.8888888888888888,0.5517241379310346,0.8888888888888888
6,es,nomic-embed-text,3,0.0,0.7037037037037037,0.7037037037037037,0.8054837783519955,0.6666666666666666,0.6666666666666666,9.333333333333334,8.616666666666667,0.13833333333333334,0.8616666666666667,0.864,21.11340333333333,18.999616666666668,2.11377,473.6666666666667,387.0,86.66666666666667,12.23908193623243,0.0,0.0,0.3333333333333333,0.8888888888888888,0.3333333333333333,0.8888888888888888
7,ca,all-minilm,3,0.0,0.3852784134248665,0.3852784134248665,0.26383376013657706,0.0,0.0,8.466666666666667,8.143333333333333,0.18566666666666667,0.8143333333333334,0.68,21.315233333333335,19.258056666666665,2.0571633333333335,506.0,392.6666666666667,113.33333333333333,12.630717869909603,0.0,0.0,0.3,0.43478260869565216,0.3,0.43478260869565216
7,ca,mxbai-embed-large,3,0.0,0.5828460038986355,0.5828460038986355,0.37147513592724984,0.0,0.0,7.5,8.493333333333332,0.15066666666666667,0.8493333333333334,0.819,22.17952666666667,20.076246666666666,2.103266666666667,481.3333333333333,388.6666666666667,92.66666666666667,12.845705186233289,0.0,0.0,0.5263157894736842,0.6666666666666666,0.5263157894736842,0.6666666666666666
7,ca,nomic-embed-text,3,0.0,0.39644268774703556,0.39644268774703556,0.23696882147586373,0.0,0.0,8.5,9.06,0.09399999999999999,0.906,0.838,19.91868666666667,17.846866666666667,2.071806666666667,473.6666666666667,395.0,78.66666666666667,12.549913585835702,0.0,0.0,0.3,0.45454545454545453,0.3,0.45454545454545453
7,en,all-minilm,3,0.0,0.38543417366946775,0.38543417366946775,0.2607685262050328,0.0,0.0,8.5,8.81,0.119,0.8809999999999999,0.684,17.697589999999998,15.637623333333336,2.059953333333333,372.6666666666667,296.0,76.66666666666667,12.546101389295027,0.0,0.0,0.2857142857142857,0.4705882352941176,0.2857142857142857,0.4705882352941176
7,en,mxbai-embed-large,3,0.0,0.44848484848484843,0.44848484848484843,0.31587365053978406,0.0,0.0,6.8,8.653333333333334,0.13466666666666668,0.8653333333333334,0.765,21.443369999999998,19.343316666666666,2.1000400000000004,382.6666666666667,295.3333333333333,87.33333333333333,12.389407667589566,0.0,0.0,0.39999999999999997,0.5454545454545454,0.39999999999999997,0.5454545454545454
7,en,nomic-embed-text,3,0.0,0.3916666666666666,0.3916666666666666,0.27757978934030253,0.0,0.0,6.133333333333333,8.81,0.119,0.8809999999999999,0.7840000000000001,21.028540000000003,18.959860000000003,2.06867,385.3333333333333,297.3333333333333,88.0,12.805637536870357,0.0,0.0,0.375,0.39999999999999997,0.375,0.39999999999999997
7,es,all-minilm,3,0.0,0.4987373737373737,0.4987373737373737,0.30902002480949853,0.0,0.0,7.8999999999999995,7.896666666666667,0.21033333333333334,0.7896666666666666,0.7520000000000001,19.045236666666668,16.97543,2.069793333333333,470.0,383.3333333333333,86.66666666666667,13.011291850852679,0.0,0.0,0.37499999999999994,0.6666666666666665,0.37499999999999994,0.6666666666666665
7,es,mxbai-embed-large,3,0.0,0.40984848484848485,0.40984848484848485,0.24031457955232913,0.0,0.0,8.5,9.263333333333334,0.07366666666666667,0.9263333333333333,0.872,22.83772,20.748513333333335,2.0891933333333337,483.3333333333333,382.6666666666667,100.66666666666667,12.76002154837601,0.0,0.0,0.37499999999999994,0.45454545454545453,0.37499999999999994,0.45454545454545453
7,es,nomic-embed-text,3,0.0,0.42041467304625196,0.42041467304625196,0.22897156684815487,0.0,0.0,7.5,9.103333333333333,0.08966666666666667,0.9103333333333333,0.84,24.51891,22.407503333333334,2.1114,501.3333333333333,382.6666666666667,118.66666666666667,12.291400803946631,0.0,0.0,0.3157894736842105,0.5454545454545454,0.3157894736842105,0.5454545454545454
8,ca,all-minilm,3,0.0,0.3950617283950617,0.35061728395061725,0.3669767052119994,0.0,0.0,4.5,7.419999999999999,0.258,0.742,0.624,34.41209333333333,32.354020000000006,2.05806,621.6666666666666,399.6666666666667,222.0,12.31413129708436,0.0,0.0,0.07407407407407407,0.6666666666666666,0.07407407407407407,0.5333333333333333
8,ca,mxbai-embed-large,3,0.0,0.05841269841269841,0.05841269841269841,0.24106089305676315,0.0,0.0,1.8333333333333333,8.276666666666666,0.17233333333333334,0.8276666666666667,0.79,26.32211,24.22538,2.0967200000000004,517.3333333333334,386.0,131.33333333333334,12.833761660623674,0.0,0.0,0.0,0.09523809523809522,0.0,0.09523809523809522
8,ca,nomic-embed-text,3,0.0,0.4340016708437761,0.4340016708437761,0.3964576074332172,0.0,0.0,8.166666666666666,8.780000000000001,0.122,0.878,0.777,20.180356666666665,18.104773333333334,2.0755766666666666,473.6666666666667,394.0,79.66666666666667,12.572699829223827,0.0,0.0,0.3809523809523809,0.5,0.3809523809523809,0.5
8,en,all-minilm,3,0.0,0.3824175824175824,0.23907203907203908,0.2591089466089466,0.0,0.0,9.5,8.38,0.162,0.8380000000000001,0.67,19.614496666666668,17.551933333333334,2.062546666666667,402.3333333333333,309.0,93.33333333333333,12.800533550640798,0.0,0.0,0.2857142857142857,0.4615384615384615,0.14285714285714285,0.3076923076923077
8,en,mxbai-embed-large,3,0.0,0.42686202686202684,0.2549450549450549,0.26166658533808296,0.0,0.0,9.5,8.676666666666668,0.13233333333333333,0.8676666666666667,0.774,17.607286666666667,15.51778,2.089496666666667,371.0,317.6666666666667,53.333333333333336,13.17151261062429,0.0,0.0,0.2857142857142857,0.5333333333333333,0.19047619047619047,0.3076923076923077
8,en,nomic-embed-text,3,0.0,0.414957264957265,0.24700854700854702,0.2655163132021477,0.0,0.0,9.166666666666666,8.799999999999999,0.12,0.8799999999999999,0.778,19.141050000000003,17.079206666666668,2.06183,377.6666666666667,308.6666666666667,69.0,12.627166626611427,0.0,0.0,0.25,0.5333333333333333,0.16666666666666666,0.3076923076923077
8,es,all-minilm,3,0.0,0.1651834901262819,0.13619798287990506,0.23504428341384864,0.0,0.0,0.8333333333333334,7.516666666666667,0.24833333333333332,0.7516666666666666,0.613,19.98729666666667,17.92771,2.0595733333333333,483.0,384.6666666666667,98.33333333333333,12.129913379353068,0.0,0.0,0.1111111111111111,0.21052631578947367,0.08695652173913045,0.21052631578947367
8,es,mxbai-embed-large,3,0.0,0.4510597761371755,0.286258633007859,0.24357136973890126,0.0,0.0,3.1666666666666665,8.816666666666665,0.11833333333333333,0.8816666666666667,0.795,21.219876666666668,19.127616666666665,2.09225,472.0,382.3333333333333,89.66666666666667,13.207426264371117,0.0,0.0,0.42105263157894735,0.4705882352941177,0.23529411764705885,0.3157894736842105
8,es,nomic-embed-text,3,0.0,0.4074693422519509,0.3561872909698997,0.2621936600264773,0.0,0.0,2.3333333333333335,8.786666666666667,0.12133333333333333,0.8786666666666667,0.809,21.85494,19.788923333333333,2.066006666666667,478.6666666666667,388.6666666666667,90.0,13.222922524900417,0.0,0.0,0.2608695652173913,0.5,0.2608695652173913,0.5
9,ca,all-minilm,3,0.0,0.1827077497665733,0.1827077497665733,0.2814039374280338,0.0,0.0,2.5,7.983333333333333,0.20166666666666666,0.7983333333333333,0.767,32.34324,30.29130333333333,2.0519233333333333,597.6666666666666,392.0,205.66666666666666,12.631027838491121,0.0,0.0,0.1176470588235294,0.24,0.1176470588235294,0.24
9,ca,mxbai-embed-large,3,0.0,0.23789462734696,0.23789462734696,0.3021885521885522,0.0,0.0,2.5,9.296666666666667,0.07033333333333334,0.9296666666666668,0.8690000000000001,21.37102666666667,19.277233333333335,2.0937866666666665,473.0,381.3333333333333,91.66666666666667,12.508761350220626,0.0,0.0,0.15384615384615383,0.35294117647058826,0.15384615384615383,0.35294117647058826
9,ca,nomic-embed-text,3,0.0,0.10111026358165948,0.10111026358165948,0.24927378358750907,0.0,0.0,1.6666666666666667,8.66,0.13399999999999998,0.866,0.862,23.09107333333333,21.002993333333333,2.0880699999999996,507.0,399.3333333333333,107.66666666666667,12.395303719920955,0.0,0.0,0.08695652173913045,0.11111111111111112,0.08695652173913045,0.11111111111111112
9,en,all-minilm,3,0.0,0.44848901098901095,0.44848901098901095,0.30501316149569324,0.0,0.0,3.5,8.676666666666668,0.13233333333333333,0.8676666666666666,0.729,22.20398,20.151116666666663,2.052853333333333,423.6666666666667,306.0,117.66666666666667,12.475600366370912,0.0,0.0,0.3125,0.5714285714285714,0.3125,0.5714285714285714
9,en,mxbai-embed-large,3,0.0,0.45497336801684635,0.45497336801684635,0.2816640169581346,0.0,0.0,5.833333333333333,8.92,0.10799999999999998,0.892,0.8119999999999999,50.44320333333334,48.35256666666666,2.09062,653.3333333333334,306.3333333333333,347.0,12.789826335389739,0.0,0.0,0.3478260869565218,0.5555555555555556,0.3478260869565218,0.5555555555555556
9,en,nomic-embed-text,3,0.0,0.5495744191396366,0.5178283873936048,0.343615235910182,0.0,0.0,3.0666666666666664,8.57,0.143,0.8569999999999999,0.832,27.604173333333332,25.51493333333333,2.089226666666667,453.0,306.3333333333333,146.66666666666666,12.020661980865578,0.0,0.0,0.5217391304347827,0.5714285714285714,0.4761904761904762,0.5555555555555556
9,es,all-minilm,3,0.0,0.3681257014590347,0.3681257014590347,0.3551407659838129,0.0,0.0,2.0,8.313333333333334,0.16866666666666666,0.8313333333333334,0.811,20.349103333333336,18.29352,2.05557,490.0,389.0,101.0,12.30688172101774,0.0,0.0,0.07407407407407407,0.6666666666666665,0.07407407407407407,0.6666666666666665
9,es,mxbai-embed-large,3,0.0,0.4656913967258794,0.4286543596888424,0.38952333664349553,0.0,0.0,1.5,9.1,0.09000000000000001,0.91,0.88,19.159456666666667,17.05542,2.1040266666666665,448.6666666666667,378.0,70.66666666666667,13.14919984443973,0.0,0.0,0.27586206896551724,0.6666666666666665,0.27586206896551724,0.5555555555555556
9,es,nomic-embed-text,3,0.0,0.449554367201426,0.4299465240641711,0.34802254550034634,0.0,0.0,2.5,9.196666666666667,0.08033333333333333,0.9196666666666666,0.878,22.23952,20.162123333333334,2.07738,474.3333333333333,375.3333333333333,99.0,12.154864129648198,0.0,0.0,0.29411764705882354,0.6,0.2352941176470588,0.6
10,ca,all-minilm,3,0.0,0.2044855729066255,0.2044855729066255,0.12719240588093048,0.0,0.0,4.833333333333333,8.270000000000001,0.17299999999999996,0.827,0.6830000000000002,17.904963333333335,15.847393333333331,2.0575566666666667,475.0,395.3333333333333,79.66666666666667,12.325744636342867,0.0,0.0,0.09523809523809525,0.30769230769230765,0.09523809523809525,0.30769230769230765
10,ca,mxbai-embed-large,3,0.0,0.36190476190476195,0.36190476190476195,0.20153256704980846,0.0,0.0,6.833333333333333,8.82,0.11800000000000001,0.882,0.867,24.885963333333333,22.79707,2.0888766666666663,515.0,390.3333333333333,124.66666666666667,12.722127111006202,0.0,0.0,0.28571428571428575,0.5,0.28571428571428575,0.5
10,ca,nomic-embed-text,3,0.0,0.3459503459503459,0.3459503459503459,0.20075722596731002,0.0,0.0,2.3333333333333335,8.756666666666668,0.12433333333333334,0.8756666666666667,0.8290000000000001,20.352663333333336,18.255596666666666,2.097053333333333,490.3333333333333,413.3333333333333,77.0,12.715542315000443,0.0,0.0,0.28571428571428575,0.4444444444444444,0.28571428571428575,0.4444444444444444
10,en,all-minilm,3,0.0,0.1753968253968254,0.1753968253968254,0.11869148299671739,0.0,0.0,1.8333333333333333,8.766666666666667,0.12333333333333334,0.8766666666666666,0.685,19.730293333333336,17.676736666666667,2.053546666666667,412.0,314.6666666666667,97.33333333333333,12.429774122777117,0.0,0.0,0.13333333333333336,0.25,0.13333333333333336,0.25
10,en,mxbai-embed-large,3,0.0,0.19517543859649122,0.19517543859649122,0.1215510008390267,0.0,0.0,6.833333333333333,8.443333333333333,0.15566666666666665,0.8443333333333333,0.801,24.26635333333333,22.177290000000003,2.0890466666666665,420.3333333333333,302.6666666666667,117.66666666666667,12.582539109698674,0.0,0.0,0.125,0.25,0.125,0.25
10,en,nomic-embed-text,3,0.0,0.3636363636363636,0.3636363636363636,0.2222222222222222,0.0,0.0,9.5,8.6,0.13999999999999999,0.86,0.762,19.75751,17.66886666666667,2.088626666666667,389.0,314.0,75.0,12.585901191056188,0.0,0.0,0.3636363636363636,0.3636363636363636,0.3636363636363636,0.3636363636363636
10,es,all-minilm,3,0.0,0.4386724386724386,0.4386724386724386,0.22047619047619046,0.0,0.0,7.5,7.653333333333333,0.23466666666666666,0.7653333333333334,0.648,14.136449999999998,12.079790000000001,2.056646666666667,424.6666666666667,383.0,41.666666666666664,12.613665681101894,0.0,0.0,0.2857142857142857,0.6666666666666666,0.2857142857142857,0.6666666666666666
10,es,mxbai-embed-large,3,0.0,0.37671957671957673,0.37671957671957673,0.2900188323917138,0.0,0.0,7.333333333333333,8.796666666666667,0.12033333333333333,0.8796666666666667,0.801,18.358233333333335,16.26179,2.09643,455.3333333333333,394.0,61.333333333333336,12.587493537413513,0.0,0.0,0.2857142857142857,0.4444444444444445,0.2857142857142857,0.4444444444444445
10,es,nomic-embed-text,3,0.0,0.3273809523809524,0.3273809523809524,0.22969187675070032,0.0,0.0,4.666666666666667,8.693333333333333,0.13066666666666668,0.8693333333333332,0.77,22.494280000000003,20.385416666666668,2.10885,493.6666666666667,398.0,95.66666666666667,12.669514694426605,0.0,0.0,0.125,0.5714285714285715,0.125,0.5714285714285715
